-0.66666666666666663;14.333333333333334;-0.66666666666666663
-0.75;14.25;0.0
-0.75;14.25;1.0
-0.66666666666666663;14.333333333333334;1.6666666666666667
-0.66666666666666663;14.333333333333334;10.333333333333334
-0.75;14.25;11.0
-0.75;14.25;12.0
-0.66666666666666663;14.333333333333334;12.666666666666666
-0.75;15.0;-0.75
-1.0;15.0;0.0
-1.0;15.0;1.0
-0.80000000000000004;15.0;2.0
-0.75;15.25;3.0
-0.75;15.25;4.0
-0.75;15.25;5.0
-0.75;15.25;6.0
-0.75;15.25;7.0
-0.75;15.25;8.0
-0.75;15.25;9.0
-0.80000000000000004;15.0;10.0
-1.0;15.0;11.0
-1.0;15.0;12.0
-0.75;15.0;12.75
-0.75;16.0;-0.75
-1.0;16.0;0.0
-1.0;16.0;1.0
-1.0;16.0;2.0
-1.0;16.0;3.0
-1.0;16.0;4.0
-1.0;16.0;5.0
-1.0;16.0;6.0
-1.0;16.0;7.0
-1.0;16.0;8.0
-1.0;16.0;9.0
-1.0;16.0;10.0
-1.0;16.0;11.0
-1.0;16.0;12.0
-0.75;16.0;12.75
-0.66666666666666663;16.666666666666668;-0.66666666666666663
-0.75;16.75;0.0
-0.75;16.75;1.0
-0.75;16.75;2.0
-0.75;16.75;3.0
-0.75;16.75;4.0
-0.75;16.75;5.0
-0.75;16.75;6.0
-0.75;16.75;7.0
-0.75;16.75;8.0
-0.75;16.75;9.0
-0.75;16.75;10.0
-0.75;16.75;11.0
-0.75;16.75;12.0
-0.66666666666666663;16.666666666666668;12.666666666666666
0.0;14.25;-0.75
0.0;14.0;0.0
0.0;14.0;1.0
0.0;14.25;1.75
0.0;14.25;10.25
0.0;14.0;11.0
0.0;14.0;12.0
0.0;14.25;12.75
0.0;15.0;-1.0
0.0;14.75;2.25
0.0;15.0;3.0
0.0;15.0;4.0
0.0;15.0;5.0
0.0;15.0;6.0
0.0;15.0;7.0
0.0;15.0;8.0
0.0;15.0;9.0
0.0;14.75;9.75
0.0;15.0;13.0
0.0;16.0;-1.0
0.0;16.0;13.0
0.0;16.75;-0.75
0.0;17.0;0.0
0.0;17.0;1.0
0.0;17.0;2.0
0.0;17.0;3.0
0.0;17.0;4.0
0.0;17.0;5.0
0.0;17.0;6.0
0.0;17.0;7.0
0.0;17.0;8.0
0.0;17.0;9.0
0.0;17.0;10.0
0.0;17.0;11.0
0.0;17.0;12.0
0.0;16.75;12.75
1.0;14.25;-0.75
1.0;14.0;0.0
1.0;14.0;1.0
1.0;14.199999999999999;2.0
1.3333333333333333;14.333333333333334;2.6666666666666665
1.3333333333333333;14.333333333333334;9.3333333333333339
1.0;14.199999999999999;10.0
1.0;14.0;11.0
1.0;14.0;12.0
1.0;14.25;12.75
1.0;15.0;-1.0
0.66666666666666663;14.666666666666666;2.3333333333333335
1.0;14.800000000000001;3.0
1.0;15.0;4.0
1.0;15.199999999999999;5.0
0.75;15.25;6.0
1.0;15.199999999999999;7.0
1.0;15.0;8.0
1.0;14.800000000000001;9.0
0.66666666666666663;14.666666666666666;9.6666666666666661
1.0;15.0;13.0
1.0;16.0;-1.0
1.3333333333333333;15.666666666666666;5.333333333333333
1.25;15.75;6.0
1.3333333333333333;15.666666666666666;6.666666666666667
1.0;16.0;13.0
1.0;16.75;-0.75
1.0;17.0;0.0
1.0;17.0;1.0
1.0;17.0;2.0
1.0;17.0;3.0
1.0;17.0;4.0
1.0;17.0;5.0
1.0;17.0;6.0
1.0;17.0;7.0
1.0;17.0;8.0
1.0;17.0;9.0
1.0;17.0;10.0
1.0;17.0;11.0
1.0;17.0;12.0
1.0;16.75;12.75
2.3333333333333335;13.333333333333334;-0.66666666666666663
2.25;13.25;0.0
2.25;13.25;1.0
2.25;13.25;2.0
2.3333333333333335;13.333333333333334;2.6666666666666665
2.3333333333333335;13.333333333333334;10.333333333333334
2.25;13.25;11.0
2.25;13.25;12.0
2.3333333333333335;13.333333333333334;12.666666666666666
2.0;14.0;-0.80000000000000004
1.75;13.75;0.0
1.75;13.75;1.0
1.75;13.75;2.0
2.0;14.0;3.0
2.3333333333333335;14.333333333333334;3.6666666666666665
2.3333333333333335;14.333333333333334;8.3333333333333339
2.0;14.199999999999999;9.0
2.0;13.800000000000001;10.0
1.75;13.75;11.0
1.75;13.75;12.0
2.0;14.0;12.800000000000001
2.0;15.0;-1.0
1.6666666666666667;14.666666666666666;3.3333333333333335
2.0;14.800000000000001;4.0
2.0;15.25;4.75
2.0;15.25;7.25
2.0;14.800000000000001;8.0
1.6666666666666667;14.666666666666666;8.6666666666666661
2.0;15.0;13.0
2.0;16.0;-1.0
2.0;16.0;5.2000000000000002
1.75;16.25;6.0
2.0;16.0;7.0
2.3333333333333335;16.333333333333332;7.666666666666667
2.0;16.0;13.0
2.0;16.75;-0.75
2.0;17.0;0.0
2.0;17.0;1.0
2.0;17.0;2.0
2.0;17.0;3.0
2.0;17.0;4.0
2.0;16.800000000000001;5.0
1.75;16.75;6.0
1.75;16.75;7.0
2.0;16.800000000000001;8.0
2.0;17.0;9.0
2.0;17.0;10.0
2.0;17.0;11.0
2.0;17.0;12.0
2.0;16.75;12.75
3.3333333333333335;12.333333333333334;-0.66666666666666663
3.25;12.25;0.0
3.25;12.25;1.0
3.3333333333333335;12.333333333333334;1.6666666666666667
3.3333333333333335;12.333333333333334;11.333333333333334
3.25;12.25;12.0
3.3333333333333335;12.333333333333334;12.666666666666666
3.0;13.0;-0.80000000000000004
2.75;12.75;0.0
2.75;12.75;1.0
3.0;12.800000000000001;2.0
3.0;13.199999999999999;3.0
3.3333333333333335;13.333333333333334;3.6666666666666665
3.3333333333333335;13.333333333333334;8.3333333333333339
3.25;13.25;9.0
3.0;13.199999999999999;10.0
3.0;12.800000000000001;11.0
2.75;12.75;12.0
3.0;13.0;12.800000000000001
3.0;14.0;-1.0
2.6666666666666665;13.666666666666666;3.3333333333333335
3.0;14.0;4.0
3.3333333333333335;14.333333333333334;4.666666666666667
3.0;14.0;8.1999999999999993
2.75;13.75;9.0
2.6666666666666665;13.666666666666666;9.6666666666666661
3.0;14.0;13.0
3.0;15.0;-1.0
3.0;15.0;4.333333333333333
3.0;15.0;4.666666666666667
2.6666666666666665;15.333333333333334;7.333333333333333
3.0;15.0;7.7999999999999998
3.0;15.0;13.0
3.0;16.0;-0.80000000000000004
3.25;16.25;0.0
3.25;16.25;1.0
3.25;16.25;2.0
3.25;16.25;3.0
3.2000000000000002;16.0;4.0
2.75;16.0;4.75
2.6666666666666665;15.666666666666666;7.333333333333333
3.0;16.0;8.0
3.25;16.25;9.0
3.25;16.25;10.0
3.25;16.25;11.0
3.25;16.25;12.0
3.0;16.0;12.800000000000001
2.6666666666666665;16.666666666666668;-0.66666666666666663
2.75;16.75;0.0
2.75;16.75;1.0
2.75;16.75;2.0
2.75;16.75;3.0
2.75;16.75;4.0
2.6666666666666665;16.666666666666668;4.666666666666667
2.6666666666666665;16.666666666666668;8.3333333333333339
2.75;16.75;9.0
2.75;16.75;10.0
2.75;16.75;11.0
2.75;16.75;12.0
2.6666666666666665;16.666666666666668;12.666666666666666
4.0;12.25;-0.75
4.0;12.0;0.0
4.0;12.0;1.0
4.0;12.199999999999999;2.0
4.25;12.25;3.0
4.333333333333333;12.333333333333334;3.6666666666666665
4.333333333333333;12.333333333333334;9.3333333333333339
4.25;12.25;10.0
4.0;12.199999999999999;11.0
4.0;12.0;12.0
4.0;12.25;12.75
4.0;13.0;-1.0
3.6666666666666665;12.666666666666666;2.3333333333333335
3.75;12.75;3.0
4.0;13.0;3.7999999999999998
4.0;13.25;8.25
4.0;12.800000000000001;9.0
3.75;12.75;10.0
3.6666666666666665;12.666666666666666;10.666666666666666
4.0;13.0;13.0
4.0;14.0;-1.0
4.0;13.75;4.25
4.0;14.25;4.75
4.0;14.0;8.0
4.0;14.0;13.0
4.0;15.0;-1.0
4.333333333333333;15.333333333333334;3.3333333333333335
4.0;15.199999999999999;4.0
4.0;14.75;4.75
4.0;15.0;8.1999999999999993
4.25;15.25;9.0
4.333333333333333;15.333333333333334;9.6666666666666661
4.0;15.0;13.0
4.0;15.75;-0.75
4.0;16.0;0.0
4.0;16.0;1.0
4.0;16.0;2.0
4.0;15.800000000000001;3.0
3.6666666666666665;15.666666666666666;3.6666666666666665
3.6666666666666665;15.666666666666666;8.3333333333333339
3.75;15.75;9.0
4.0;15.800000000000001;10.0
4.0;16.0;11.0
4.0;16.0;12.0
4.0;15.75;12.75
5.333333333333333;11.333333333333334;-0.66666666666666663
5.25;11.25;0.0
5.25;11.25;1.0
5.25;11.25;2.0
5.333333333333333;11.333333333333334;2.6666666666666665
5.333333333333333;11.333333333333334;9.3333333333333339
5.25;11.25;10.0
5.25;11.25;11.0
5.25;11.25;12.0
5.333333333333333;11.333333333333334;12.666666666666666
5.0;12.0;-0.80000000000000004
4.75;11.75;0.0
4.75;11.75;1.0
4.75;11.75;2.0
5.0;11.800000000000001;3.0
5.0;12.25;3.75
5.333333333333333;12.333333333333334;8.3333333333333339
5.0;12.0;9.0
4.75;11.75;10.0
4.75;11.75;11.0
4.75;11.75;12.0
5.0;12.0;12.800000000000001
5.0;13.0;-1.0
5.0;13.0;4.0
5.0;13.0;8.1999999999999993
4.666666666666667;12.666666666666666;8.6666666666666661
5.0;13.0;13.0
5.0;14.0;-1.0
5.0;14.0;4.2000000000000002
4.666666666666667;14.333333333333334;4.666666666666667
5.0;14.0;8.0
5.0;14.0;13.0
5.0;15.0;-0.80000000000000004
5.25;15.25;0.0
5.25;15.25;1.0
5.25;15.25;2.0
5.0;15.199999999999999;3.0
5.0;14.800000000000001;4.0
4.666666666666667;14.666666666666666;4.666666666666667
5.0;14.75;8.25
5.0;15.0;9.0
5.0;15.199999999999999;10.0
5.25;15.25;11.0
5.25;15.25;12.0
5.0;15.0;12.800000000000001
4.666666666666667;15.666666666666666;-0.66666666666666663
4.75;15.75;0.0
4.75;15.75;1.0
4.75;15.75;2.0
4.666666666666667;15.666666666666666;2.6666666666666665
4.666666666666667;15.666666666666666;10.333333333333334
4.75;15.75;11.0
4.75;15.75;12.0
4.666666666666667;15.666666666666666;12.666666666666666
6.333333333333333;10.333333333333334;-0.66666666666666663
6.25;10.25;0.0
6.25;10.25;1.0
6.333333333333333;10.333333333333334;1.6666666666666667
6.333333333333333;10.333333333333334;11.333333333333334
6.25;10.25;12.0
6.333333333333333;10.333333333333334;12.666666666666666
6.0;11.0;-0.80000000000000004
5.75;10.75;0.0
5.75;10.75;1.0
6.0;10.800000000000001;2.0
6.0;11.199999999999999;3.0
6.333333333333333;11.333333333333334;3.6666666666666665
6.333333333333333;11.333333333333334;8.3333333333333339
6.0;11.199999999999999;9.0
6.0;11.0;10.0
6.0;10.800000000000001;11.0
5.75;10.75;12.0
6.0;11.0;12.800000000000001
6.0;12.0;-1.0
5.666666666666667;11.666666666666666;3.3333333333333335
6.0;12.0;3.7999999999999998
6.0;12.0;8.1999999999999993
5.666666666666667;11.666666666666666;8.6666666666666661
6.0;12.0;13.0
6.0;13.0;-1.0
6.0;13.0;4.0
6.0;13.0;8.0
6.0;13.0;13.0
6.0;14.0;-0.80000000000000004
6.25;14.25;0.0
6.25;14.25;1.0
6.25;14.25;2.0
6.25;14.25;3.0
6.0;14.0;3.7999999999999998
6.0;14.0;8.1999999999999993
6.25;14.25;9.0
6.25;14.25;10.0
6.25;14.25;11.0
6.25;14.25;12.0
6.0;14.0;12.800000000000001
5.666666666666667;14.666666666666666;-0.66666666666666663
5.75;14.75;0.0
5.75;14.75;1.0
5.75;14.75;2.0
5.75;14.75;3.0
5.666666666666667;14.666666666666666;3.6666666666666665
5.666666666666667;14.666666666666666;8.3333333333333339
5.75;14.75;9.0
5.75;14.75;10.0
5.75;14.75;11.0
5.75;14.75;12.0
5.666666666666667;14.666666666666666;12.666666666666666
7.333333333333333;9.3333333333333339;12.333333333333334
7.333333333333333;9.3333333333333339;12.666666666666666
7.0;10.25;-0.75
7.0;10.0;0.0
7.0;10.0;1.0
7.0;10.199999999999999;2.0
7.333333333333333;10.333333333333334;2.6666666666666665
7.333333333333333;10.333333333333334;9.3333333333333339
7.25;10.25;10.0
7.0;10.199999999999999;11.0
7.0;9.8000000000000007;12.0
7.0;10.0;12.800000000000001
7.0;11.0;-1.0
6.666666666666667;10.666666666666666;2.3333333333333335
7.0;10.800000000000001;3.0
7.0;11.25;3.75
7.0;11.25;8.25
7.0;10.800000000000001;9.0
6.75;10.75;10.0
6.666666666666667;10.666666666666666;10.666666666666666
7.0;11.0;13.0
7.0;12.0;-1.0
7.0;12.0;4.0
7.0;12.0;8.0
7.0;12.0;13.0
7.0;13.0;-1.0
7.0;13.0;4.0
7.0;13.0;8.1999999999999993
7.333333333333333;13.333333333333334;8.6666666666666661
7.0;13.0;13.0
7.0;13.75;-0.75
7.0;14.0;0.0
7.0;14.0;1.0
7.0;14.0;2.0
7.0;14.0;3.0
7.0;13.75;3.75
6.666666666666667;13.666666666666666;8.3333333333333339
7.0;13.800000000000001;9.0
7.0;14.0;10.0
7.0;14.0;11.0
7.0;14.0;12.0
7.0;13.75;12.75
8.3333333333333339;9.3333333333333339;-0.66666666666666663
8.25;9.25;0.0
8.25;9.25;1.0
8.25;9.25;2.0
8.3333333333333339;9.3333333333333339;2.6666666666666665
8.3333333333333339;9.3333333333333339;10.333333333333334
8.25;9.25;11.0
8.0;9.1999999999999993;12.0
8.0;9.25;12.75
8.0;10.0;-0.80000000000000004
7.75;9.75;0.0
7.75;9.75;1.0
7.75;9.75;2.0
8.0;10.0;3.0
8.3333333333333339;10.333333333333334;3.6666666666666665
8.3333333333333339;10.333333333333334;8.3333333333333339
8.0;10.199999999999999;9.0
8.0;9.8000000000000007;10.0
7.75;9.75;11.0
7.666666666666667;9.6666666666666661;11.666666666666666
8.0;10.0;13.0
8.0;11.0;-1.0
7.666666666666667;10.666666666666666;3.3333333333333335
8.0;11.0;3.7999999999999998
8.0;11.0;8.1999999999999993
7.666666666666667;10.666666666666666;8.6666666666666661
8.0;11.0;13.0
8.0;12.0;-1.0
8.0;12.0;4.0
8.0;12.0;8.1999999999999993
8.3333333333333339;12.333333333333334;8.6666666666666661
8.0;12.0;13.0
8.0;13.0;-0.80000000000000004
8.25;13.25;0.0
8.25;13.25;1.0
8.25;13.25;2.0
8.25;13.25;3.0
8.0;13.0;3.7999999999999998
7.666666666666667;12.666666666666666;8.3333333333333339
8.0;13.0;9.0
8.25;13.25;10.0
8.25;13.25;11.0
8.25;13.25;12.0
8.0;13.0;12.800000000000001
7.666666666666667;13.666666666666666;-0.66666666666666663
7.75;13.75;0.0
7.75;13.75;1.0
7.75;13.75;2.0
7.75;13.75;3.0
7.666666666666667;13.666666666666666;3.6666666666666665
7.666666666666667;13.666666666666666;9.3333333333333339
7.75;13.75;10.0
7.75;13.75;11.0
7.75;13.75;12.0
7.666666666666667;13.666666666666666;12.666666666666666
9.3333333333333339;8.3333333333333339;-0.66666666666666663
9.25;8.25;0.0
9.3333333333333339;8.3333333333333339;0.66666666666666663
9.3333333333333339;8.3333333333333339;11.333333333333334
9.25;8.25;12.0
9.3333333333333339;8.3333333333333339;12.666666666666666
9.0;9.0;-0.80000000000000004
8.75;8.75;0.0
9.0;8.8000000000000007;1.0
9.0;9.0;2.0
9.0;9.1999999999999993;3.0
9.3333333333333339;9.3333333333333339;3.6666666666666665
9.3333333333333339;9.3333333333333339;9.3333333333333339
9.0;9.1999999999999993;10.0
9.0;8.8000000000000007;11.0
8.75;8.75;12.0
9.0;9.0;12.800000000000001
9.0;10.0;-1.0
8.6666666666666661;9.6666666666666661;3.3333333333333335
9.0;10.0;3.7999999999999998
9.0;10.25;8.25
9.0;9.8000000000000007;9.0
8.6666666666666661;9.6666666666666661;9.6666666666666661
9.0;10.0;13.0
9.0;11.0;-1.0
9.0;11.0;4.0
9.0;11.0;8.0
9.0;11.0;13.0
9.0;12.0;-0.80000000000000004
9.3333333333333339;12.333333333333334;-0.33333333333333331
9.3333333333333339;12.333333333333334;2.3333333333333335
9.25;12.25;3.0
9.0;12.0;3.7999999999999998
9.0;11.75;8.25
9.0;12.199999999999999;9.0
9.25;12.25;10.0
9.3333333333333339;12.333333333333334;10.666666666666666
9.0;12.0;13.0
8.6666666666666661;12.666666666666666;-0.66666666666666663
9.0;12.800000000000001;0.0
9.0;13.0;1.0
9.0;12.800000000000001;2.0
8.75;12.75;3.0
8.6666666666666661;12.666666666666666;3.6666666666666665
8.6666666666666661;12.666666666666666;9.3333333333333339
8.75;12.75;10.0
9.0;12.800000000000001;11.0
9.0;13.0;12.0
9.0;12.75;12.75
10.333333333333334;7.333333333333333;-0.66666666666666663
10.333333333333334;7.333333333333333;-0.33333333333333331
10.333333333333334;7.333333333333333;12.333333333333334
10.333333333333334;7.333333333333333;12.666666666666666
10.0;8.0;-0.80000000000000004
10.0;7.7999999999999998;0.0
10.0;8.1999999999999993;1.0
10.25;8.25;2.0
10.333333333333334;8.3333333333333339;2.6666666666666665
10.333333333333334;8.3333333333333339;9.3333333333333339
10.25;8.25;10.0
10.0;8.1999999999999993;11.0
10.0;7.7999999999999998;12.0
10.0;8.0;12.800000000000001
10.0;9.0;-1.0
9.6666666666666661;8.6666666666666661;1.3333333333333333
9.75;8.75;2.0
10.0;8.8000000000000007;3.0
10.0;9.25;3.75
10.333333333333334;9.3333333333333339;8.3333333333333339
10.0;9.0;9.0
9.75;8.75;10.0
9.6666666666666661;8.6666666666666661;10.666666666666666
10.0;9.0;13.0
10.0;10.0;-1.0
10.0;10.0;4.0
10.0;10.0;8.1999999999999993
9.6666666666666661;9.6666666666666661;8.6666666666666661
10.0;10.0;13.0
10.0;11.0;-1.0
10.333333333333334;11.333333333333334;3.3333333333333335
10.0;11.0;3.7999999999999998
10.0;11.0;8.1999999999999993
10.333333333333334;11.333333333333334;8.6666666666666661
10.0;11.0;13.0
10.0;11.75;-0.75
10.0;12.199999999999999;0.0
10.25;12.25;1.0
10.0;12.199999999999999;2.0
10.0;11.800000000000001;3.0
9.6666666666666661;11.666666666666666;3.6666666666666665
9.6666666666666661;11.666666666666666;8.3333333333333339
10.0;11.800000000000001;9.0
10.0;12.0;10.0
10.0;12.199999999999999;11.0
10.25;12.25;12.0
10.0;12.0;12.800000000000001
9.6666666666666661;12.666666666666666;0.33333333333333331
9.75;12.75;1.0
9.6666666666666661;12.666666666666666;1.6666666666666667
9.6666666666666661;12.666666666666666;11.333333333333334
9.75;12.75;12.0
9.6666666666666661;12.666666666666666;12.666666666666666
11.0;7.25;-0.75
11.0;7.2000000000000002;0.0
11.25;7.25;1.0
11.333333333333334;7.333333333333333;1.6666666666666667
11.333333333333334;7.333333333333333;10.333333333333334
11.25;7.25;11.0
11.0;7.2000000000000002;12.0
11.0;7.25;12.75
11.0;8.0;-1.0
10.666666666666666;7.666666666666667;0.33333333333333331
10.75;7.75;1.0
11.0;7.7999999999999998;2.0
11.0;8.1999999999999993;3.0
11.333333333333334;8.3333333333333339;3.6666666666666665
11.333333333333334;8.3333333333333339;8.3333333333333339
11.0;8.1999999999999993;9.0
11.0;7.7999999999999998;10.0
10.75;7.75;11.0
10.666666666666666;7.666666666666667;11.666666666666666
11.0;8.0;13.0
11.0;9.0;-1.0
10.666666666666666;8.6666666666666661;3.3333333333333335
11.0;9.0;3.7999999999999998
11.0;9.0;8.1999999999999993
10.666666666666666;8.6666666666666661;8.6666666666666661
11.0;9.0;13.0
11.0;10.0;-1.0
11.0;10.0;4.0
11.0;10.0;8.1999999999999993
11.333333333333334;10.333333333333334;8.6666666666666661
11.0;10.0;13.0
11.0;11.0;-0.80000000000000004
11.25;11.25;0.0
11.25;11.25;1.0
11.25;11.25;2.0
11.0;11.199999999999999;3.0
11.0;10.75;3.75
10.666666666666666;10.666666666666666;8.3333333333333339
11.0;11.0;9.0
11.25;11.25;10.0
11.25;11.25;11.0
11.25;11.25;12.0
11.0;11.0;12.800000000000001
10.666666666666666;11.666666666666666;-0.66666666666666663
10.75;11.75;0.0
10.75;11.75;1.0
10.75;11.75;2.0
10.666666666666666;11.666666666666666;2.6666666666666665
10.666666666666666;11.666666666666666;9.3333333333333339
10.75;11.75;10.0
10.75;11.75;11.0
10.75;11.75;12.0
10.666666666666666;11.666666666666666;12.666666666666666
12.333333333333334;6.333333333333333;-0.66666666666666663
12.25;6.25;0.0
12.333333333333334;6.333333333333333;0.66666666666666663
12.333333333333334;6.333333333333333;11.333333333333334
12.25;6.25;12.0
12.333333333333334;6.333333333333333;12.666666666666666
12.0;7.0;-0.80000000000000004
11.75;6.75;0.0
12.0;6.7999999999999998;1.0
12.0;7.2000000000000002;2.0
12.25;7.25;3.0
12.333333333333334;7.333333333333333;3.6666666666666665
12.333333333333334;7.333333333333333;9.3333333333333339
12.0;7.2000000000000002;10.0
12.0;6.7999999999999998;11.0
11.75;6.75;12.0
12.0;7.0;12.800000000000001
12.0;8.0;-1.0
11.666666666666666;7.666666666666667;2.3333333333333335
11.75;7.75;3.0
12.0;8.0;3.7999999999999998
12.0;8.25;8.25
12.0;7.7999999999999998;9.0
11.666666666666666;7.666666666666667;9.6666666666666661
12.0;8.0;13.0
12.0;9.0;-1.0
12.0;9.0;4.0
12.0;9.0;8.0
12.0;9.0;13.0
12.0;10.0;-1.0
12.333333333333334;10.333333333333334;2.3333333333333335
12.25;10.25;3.0
12.0;10.0;3.7999999999999998
12.0;9.75;8.25
12.0;10.199999999999999;9.0
12.333333333333334;10.333333333333334;9.6666666666666661
12.0;10.0;13.0
12.0;10.75;-0.75
12.0;11.0;0.0
12.0;11.0;1.0
12.0;10.800000000000001;2.0
11.75;10.75;3.0
11.666666666666666;10.666666666666666;3.6666666666666665
11.666666666666666;10.666666666666666;9.3333333333333339
12.0;10.800000000000001;10.0
12.0;11.0;11.0
12.0;11.0;12.0
12.0;10.75;12.75
13.333333333333334;5.333333333333333;-0.66666666666666663
13.333333333333334;5.333333333333333;-0.33333333333333331
13.333333333333334;5.333333333333333;12.333333333333334
13.333333333333334;5.333333333333333;12.666666666666666
13.0;6.0;-0.80000000000000004
13.0;5.7999999999999998;0.0
13.0;6.2000000000000002;1.0
13.25;6.25;2.0
13.333333333333334;6.333333333333333;2.6666666666666665
13.333333333333334;6.333333333333333;9.3333333333333339
13.25;6.25;10.0
13.0;6.2000000000000002;11.0
13.0;5.7999999999999998;12.0
13.0;6.0;12.800000000000001
13.0;7.0;-1.0
12.666666666666666;6.666666666666667;1.3333333333333333
12.75;6.75;2.0
13.0;6.7999999999999998;3.0
13.0;7.25;3.75
13.333333333333334;7.333333333333333;8.3333333333333339
13.0;7.0;9.0
12.75;6.75;10.0
12.666666666666666;6.666666666666667;10.666666666666666
13.0;7.0;13.0
13.0;8.0;-1.0
13.0;8.0;4.0
13.0;8.0;8.1999999999999993
12.666666666666666;7.666666666666667;8.6666666666666661
13.0;8.0;13.0
13.0;9.0;-1.0
13.333333333333334;9.3333333333333339;3.3333333333333335
13.0;9.0;3.7999999999999998
13.0;9.0;8.1999999999999993
13.333333333333334;9.3333333333333339;8.6666666666666661
13.0;9.0;13.0
13.0;10.0;-0.80000000000000004
13.25;10.25;0.0
13.25;10.25;1.0
13.0;10.199999999999999;2.0
13.0;9.8000000000000007;3.0
12.666666666666666;9.6666666666666661;3.6666666666666665
12.666666666666666;9.6666666666666661;8.3333333333333339
13.0;9.8000000000000007;9.0
13.0;10.199999999999999;10.0
13.25;10.25;11.0
13.25;10.25;12.0
13.0;10.0;12.800000000000001
12.666666666666666;10.666666666666666;-0.66666666666666663
12.75;10.75;0.0
12.75;10.75;1.0
12.666666666666666;10.666666666666666;1.6666666666666667
12.666666666666666;10.666666666666666;10.333333333333334
12.75;10.75;11.0
12.75;10.75;12.0
12.666666666666666;10.666666666666666;12.666666666666666
14.0;5.25;-0.75
14.0;5.2000000000000002;0.0
14.25;5.25;1.0
14.333333333333334;5.333333333333333;1.6666666666666667
14.333333333333334;5.333333333333333;10.333333333333334
14.25;5.25;11.0
14.0;5.2000000000000002;12.0
14.0;5.25;12.75
14.0;6.0;-1.0
13.666666666666666;5.666666666666667;0.33333333333333331
13.75;5.75;1.0
14.0;5.7999999999999998;2.0
14.0;6.2000000000000002;3.0
14.333333333333334;6.333333333333333;3.6666666666666665
14.333333333333334;6.333333333333333;8.3333333333333339
14.0;6.2000000000000002;9.0
14.0;5.7999999999999998;10.0
13.75;5.75;11.0
13.666666666666666;5.666666666666667;11.666666666666666
14.0;6.0;13.0
14.0;7.0;-1.0
13.666666666666666;6.666666666666667;3.3333333333333335
14.0;7.0;4.0
14.25;7.25;5.0
14.25;7.25;6.0
14.25;7.25;7.0
14.0;7.0;8.0
13.666666666666666;6.666666666666667;8.6666666666666661
14.0;7.0;13.0
14.0;8.0;-1.0
14.0;8.0;4.2000000000000002
14.25;7.75;5.0
14.25;7.75;6.0
14.25;7.75;7.0
14.0;8.0;8.0
14.333333333333334;8.3333333333333339;8.6666666666666661
14.0;8.0;13.0
14.0;9.0;-1.0
14.333333333333334;9.3333333333333339;0.33333333333333331
14.25;9.25;1.0
14.25;9.25;2.0
14.0;9.1999999999999993;3.0
14.0;8.75;3.75
13.666666666666666;8.6666666666666661;8.3333333333333339
14.0;9.0;9.0
14.25;9.25;10.0
14.25;9.25;11.0
14.333333333333334;9.3333333333333339;11.666666666666666
14.0;9.0;13.0
14.0;9.75;-0.75
14.0;9.8000000000000007;0.0
13.75;9.75;1.0
13.75;9.75;2.0
13.666666666666666;9.6666666666666661;2.6666666666666665
13.666666666666666;9.6666666666666661;9.3333333333333339
13.75;9.75;10.0
13.75;9.75;11.0
14.0;9.8000000000000007;12.0
14.0;9.75;12.75
15.333333333333334;4.333333333333333;-0.66666666666666663
15.25;4.25;0.0
15.333333333333334;4.333333333333333;0.66666666666666663
15.333333333333334;4.333333333333333;11.333333333333334
15.25;4.25;12.0
15.333333333333334;4.333333333333333;12.666666666666666
15.0;5.0;-0.80000000000000004
14.75;4.75;0.0
15.0;4.7999999999999998;1.0
15.0;5.2000000000000002;2.0
15.25;5.25;3.0
15.333333333333334;5.333333333333333;3.6666666666666665
15.333333333333334;5.333333333333333;9.3333333333333339
15.0;5.2000000000000002;10.0
15.0;4.7999999999999998;11.0
14.75;4.75;12.0
15.0;5.0;12.800000000000001
15.0;6.0;-1.0
14.666666666666666;5.666666666666667;2.3333333333333335
14.75;5.75;3.0
15.0;6.0;4.0
15.333333333333334;6.333333333333333;4.666666666666667
15.0;6.25;8.25
15.0;5.7999999999999998;9.0
14.666666666666666;5.666666666666667;9.6666666666666661
15.0;6.0;13.0
15.0;7.0;-1.0
15.0;7.0;4.333333333333333
15.0;7.0;4.8571428571428568
14.75;7.25;6.0
14.75;7.25;7.0
15.0;7.0;7.7999999999999998
15.0;7.0;13.0
15.0;8.0;-1.0
15.333333333333334;8.3333333333333339;2.3333333333333335
15.25;8.25;3.0
15.0;8.0;4.0
14.75;7.75;5.0
14.75;7.75;6.0
14.75;7.75;7.0
15.0;7.7999999999999998;8.0
15.0;8.1999999999999993;9.0
15.333333333333334;8.3333333333333339;9.6666666666666661
15.0;8.0;13.0
15.0;9.0;-0.80000000000000004
15.0;9.1999999999999993;0.0
15.0;9.0;1.0
15.0;8.8000000000000007;2.0
14.75;8.75;3.0
14.666666666666666;8.6666666666666661;3.6666666666666665
14.666666666666666;8.6666666666666661;9.3333333333333339
15.0;8.8000000000000007;10.0
15.0;9.0;11.0
15.0;9.1999999999999993;12.0
15.0;9.0;12.800000000000001
14.666666666666666;9.6666666666666661;-0.66666666666666663
14.666666666666666;9.6666666666666661;-0.33333333333333331
14.666666666666666;9.6666666666666661;12.333333333333334
14.666666666666666;9.6666666666666661;12.666666666666666
16.0;4.25;-0.75
16.0;4.0;0.0
16.0;4.2000000000000002;1.0
16.25;4.25;2.0
16.333333333333332;4.333333333333333;2.6666666666666665
16.333333333333332;4.333333333333333;9.3333333333333339
16.25;4.25;10.0
16.0;4.2000000000000002;11.0
16.0;4.0;12.0
16.0;4.25;12.75
16.0;5.0;-1.0
15.666666666666666;4.666666666666667;1.3333333333333333
15.75;4.75;2.0
16.0;4.7999999999999998;3.0
16.0;5.2000000000000002;4.0
16.333333333333332;5.333333333333333;4.666666666666667
16.333333333333332;5.333333333333333;8.3333333333333339
16.0;5.0;9.0
15.75;4.75;10.0
15.666666666666666;4.666666666666667;10.666666666666666
16.0;5.0;13.0
16.0;6.0;-1.0
15.666666666666666;5.666666666666667;4.333333333333333
16.0;6.0;4.7999999999999998
16.0;6.0;8.1999999999999993
15.666666666666666;5.666666666666667;8.6666666666666661
16.0;6.0;13.0
16.0;7.0;-1.0
16.333333333333332;7.333333333333333;3.3333333333333335
16.0;7.2000000000000002;4.0
16.0;6.75;4.75
16.0;7.0;8.1999999999999993
16.333333333333332;7.333333333333333;8.6666666666666661
16.0;7.0;13.0
16.0;8.0;-0.80000000000000004
16.25;8.25;0.0
16.25;8.25;1.0
16.0;8.1999999999999993;2.0
16.0;7.7999999999999998;3.0
15.666666666666666;7.666666666666667;3.6666666666666665
15.666666666666666;7.666666666666667;8.3333333333333339
16.0;7.7999999999999998;9.0
16.0;8.1999999999999993;10.0
16.25;8.25;11.0
16.25;8.25;12.0
16.0;8.0;12.800000000000001
15.666666666666666;8.6666666666666661;-0.66666666666666663
15.75;8.75;0.0
15.75;8.75;1.0
15.666666666666666;8.6666666666666661;1.6666666666666667
15.666666666666666;8.6666666666666661;10.333333333333334
15.75;8.75;11.0
15.75;8.75;12.0
15.666666666666666;8.6666666666666661;12.666666666666666
17.333333333333332;3.3333333333333335;-0.66666666666666663
17.25;3.25;0.0
17.25;3.25;1.0
17.333333333333332;3.3333333333333335;1.6666666666666667
17.333333333333332;3.3333333333333335;10.333333333333334
17.25;3.25;11.0
17.25;3.25;12.0
17.333333333333332;3.3333333333333335;12.666666666666666
17.0;4.0;-0.80000000000000004
16.75;3.75;0.0
16.75;3.75;1.0
17.0;3.7999999999999998;2.0
17.0;4.2000000000000002;3.0
17.25;4.25;4.0
17.333333333333332;4.333333333333333;4.666666666666667
17.333333333333332;4.333333333333333;8.3333333333333339
17.0;4.2000000000000002;9.0
17.0;3.7999999999999998;10.0
16.75;3.75;11.0
16.75;3.75;12.0
17.0;4.0;12.800000000000001
17.0;5.0;-1.0
16.666666666666668;4.666666666666667;3.3333333333333335
16.75;4.75;4.0
17.0;5.0;4.7999999999999998
17.0;5.0;8.1999999999999993
16.666666666666668;4.666666666666667;8.6666666666666661
17.0;5.0;13.0
17.0;6.0;-1.0
17.333333333333332;6.333333333333333;4.333333333333333
17.0;6.0;4.7999999999999998
17.0;6.0;8.1999999999999993
17.333333333333332;6.333333333333333;8.6666666666666661
17.0;6.0;13.0
17.0;7.0;-1.0
17.333333333333332;7.333333333333333;1.3333333333333333
17.25;7.25;2.0
17.0;7.2000000000000002;3.0
17.0;6.7999999999999998;4.0
16.666666666666668;6.666666666666667;4.666666666666667
16.666666666666668;6.666666666666667;8.3333333333333339
17.0;7.0;9.0
17.25;7.25;10.0
17.333333333333332;7.333333333333333;10.666666666666666
17.0;7.0;13.0
17.0;7.75;-0.75
17.0;8.0;0.0
17.0;7.7999999999999998;1.0
16.75;7.75;2.0
16.666666666666668;7.666666666666667;2.6666666666666665
16.666666666666668;7.666666666666667;9.3333333333333339
16.75;7.75;10.0
17.0;7.7999999999999998;11.0
17.0;8.0;12.0
17.0;7.75;12.75
18.333333333333332;2.3333333333333335;11.333333333333334
18.25;2.25;12.0
18.333333333333332;2.3333333333333335;12.666666666666666
18.0;3.25;-0.75
18.0;3.0;0.0
18.0;3.0;1.0
18.0;3.2000000000000002;2.0
18.25;3.25;3.0
18.333333333333332;3.3333333333333335;3.6666666666666665
18.333333333333332;3.3333333333333335;8.3333333333333339
18.25;3.25;9.0
18.0;3.2000000000000002;10.0
18.0;2.7999999999999998;11.0
17.75;2.75;12.0
18.0;3.0;12.800000000000001
18.0;4.0;-1.0
17.666666666666668;3.6666666666666665;2.3333333333333335
17.75;3.75;3.0
18.0;3.7999999999999998;4.0
18.0;4.25;4.75
18.0;4.0;8.1999999999999993
17.75;3.75;9.0
17.666666666666668;3.6666666666666665;9.6666666666666661
18.0;4.0;13.0
18.0;5.0;-1.0
18.0;5.0;5.0
18.0;5.0;8.0
18.0;5.0;13.0
18.0;6.0;-1.0
18.333333333333332;6.333333333333333;2.3333333333333335
18.25;6.25;3.0
18.0;6.2000000000000002;4.0
18.0;5.75;4.75
18.0;5.75;8.25
18.0;6.2000000000000002;9.0
18.333333333333332;6.333333333333333;9.6666666666666661
18.0;6.0;13.0
18.0;7.0;-0.80000000000000004
18.25;7.25;0.0
18.0;7.2000000000000002;1.0
18.0;6.7999999999999998;2.0
17.75;6.75;3.0
17.666666666666668;6.666666666666667;3.6666666666666665
17.666666666666668;6.666666666666667;9.3333333333333339
18.0;6.7999999999999998;10.0
18.0;7.2000000000000002;11.0
18.25;7.25;12.0
18.0;7.0;12.800000000000001
17.666666666666668;7.666666666666667;-0.66666666666666663
17.75;7.75;0.0
17.666666666666668;7.666666666666667;0.66666666666666663
17.666666666666668;7.666666666666667;11.333333333333334
17.75;7.75;12.0
17.666666666666668;7.666666666666667;12.666666666666666
19.333333333333332;2.3333333333333335;-0.66666666666666663
19.25;2.25;0.0
19.25;2.25;1.0
19.25;2.25;2.0
19.333333333333332;2.3333333333333335;2.6666666666666665
19.333333333333332;2.3333333333333335;9.3333333333333339
19.25;2.25;10.0
19.0;2.2000000000000002;11.0
19.0;2.0;12.0
19.0;2.25;12.75
19.0;3.0;-0.80000000000000004
18.75;2.75;0.0
18.75;2.75;1.0
18.75;2.75;2.0
19.0;2.7999999999999998;3.0
19.0;3.2000000000000002;4.0
19.333333333333332;3.3333333333333335;4.666666666666667
19.0;3.25;8.25
19.0;2.7999999999999998;9.0
18.75;2.75;10.0
18.666666666666668;2.6666666666666665;10.666666666666666
19.0;3.0;13.0
19.0;4.0;-1.0
18.666666666666668;3.6666666666666665;4.333333333333333
19.0;4.0;4.7999999999999998
19.0;4.0;8.0
19.0;4.0;13.0
19.0;5.0;-1.0
19.333333333333332;5.333333333333333;3.3333333333333335
19.25;5.25;4.0
19.0;5.0;4.7999999999999998
19.0;5.0;8.1999999999999993
19.25;5.25;9.0
19.333333333333332;5.333333333333333;9.6666666666666661
19.0;5.0;13.0
19.0;6.0;-0.80000000000000004
19.25;6.25;0.0
19.25;6.25;1.0
19.0;6.2000000000000002;2.0
19.0;5.7999999999999998;3.0
18.75;5.75;4.0
18.666666666666668;5.666666666666667;4.666666666666667
18.666666666666668;5.666666666666667;8.3333333333333339
18.75;5.75;9.0
19.0;6.0;10.0
19.25;6.25;11.0
19.25;6.25;12.0
19.0;6.0;12.800000000000001
18.666666666666668;6.666666666666667;-0.66666666666666663
18.75;6.75;0.0
18.75;6.75;1.0
18.666666666666668;6.666666666666667;1.6666666666666667
18.666666666666668;6.666666666666667;10.333333333333334
18.75;6.75;11.0
18.75;6.75;12.0
18.666666666666668;6.666666666666667;12.666666666666666
20.333333333333332;1.3333333333333333;-0.66666666666666663
20.333333333333332;1.3333333333333333;-0.33333333333333331
20.333333333333332;1.3333333333333333;11.333333333333334
20.25;1.25;12.0
20.333333333333332;1.3333333333333333;12.666666666666666
20.0;2.0;-0.80000000000000004
20.0;1.8;0.0
20.0;2.0;1.0
20.0;2.0;2.0
20.0;2.2000000000000002;3.0
20.25;2.25;4.0
20.333333333333332;2.3333333333333335;4.666666666666667
20.333333333333332;2.3333333333333335;8.3333333333333339
20.0;2.2000000000000002;9.0
20.0;2.0;10.0
20.0;1.8;11.0
19.75;1.75;12.0
20.0;2.0;12.800000000000001
20.0;3.0;-1.0
19.666666666666668;2.6666666666666665;3.3333333333333335
19.75;2.75;4.0
20.0;3.0;5.0
20.25;3.25;6.0
20.25;3.25;7.0
20.0;3.0;8.0
19.666666666666668;2.6666666666666665;8.6666666666666661
20.0;3.0;13.0
20.0;4.0;-1.0
20.333333333333332;4.333333333333333;4.333333333333333
20.0;4.0;5.0
20.25;3.75;6.0
20.25;3.75;7.0
20.0;4.0;8.0
20.333333333333332;4.333333333333333;8.6666666666666661
20.0;4.0;13.0
20.0;5.0;-1.0
20.333333333333332;5.333333333333333;1.3333333333333333
20.25;5.25;2.0
20.0;5.2000000000000002;3.0
20.0;4.7999999999999998;4.0
19.666666666666668;4.666666666666667;4.666666666666667
19.666666666666668;4.666666666666667;8.3333333333333339
20.0;4.7999999999999998;9.0
20.0;5.2000000000000002;10.0
20.25;5.25;11.0
20.333333333333332;5.333333333333333;11.666666666666666
20.0;5.0;13.0
20.0;5.75;-0.75
20.0;6.0;0.0
20.0;5.7999999999999998;1.0
19.75;5.75;2.0
19.666666666666668;5.666666666666667;2.6666666666666665
19.666666666666668;5.666666666666667;10.333333333333334
19.75;5.75;11.0
20.0;5.7999999999999998;12.0
20.0;5.75;12.75
21.0;1.25;-0.75
21.0;1.2;0.0
21.25;1.25;1.0
21.25;1.25;2.0
21.25;1.25;3.0
21.333333333333332;1.3333333333333333;3.6666666666666665
21.333333333333332;1.3333333333333333;8.3333333333333339
21.25;1.25;9.0
21.25;1.25;10.0
21.0;1.2;11.0
21.0;1.0;12.0
21.0;1.25;12.75
21.0;2.0;-1.0
20.666666666666668;1.6666666666666667;0.33333333333333331
20.75;1.75;1.0
20.75;1.75;2.0
20.75;1.75;3.0
21.0;1.8;4.0
21.0;2.2000000000000002;5.0
21.333333333333332;2.3333333333333335;5.666666666666667
21.333333333333332;2.3333333333333335;7.333333333333333
21.0;2.0;8.0
20.75;1.75;9.0
20.75;1.75;10.0
20.666666666666668;1.6666666666666667;10.666666666666666
21.0;2.0;13.0
21.0;3.0;-1.0
21.0;3.0;5.333333333333333
21.0;3.0;5.8571428571428568
21.0;3.0;7.1428571428571432
21.0;3.0;7.666666666666667
21.0;3.0;13.0
21.0;4.0;-1.0
21.333333333333332;4.333333333333333;2.3333333333333335
21.25;4.25;3.0
21.0;4.2000000000000002;4.0
21.0;3.7999999999999998;5.0
20.75;3.75;6.0
20.75;3.75;7.0
21.0;3.7999999999999998;8.0
21.0;4.2000000000000002;9.0
21.25;4.25;10.0
21.333333333333332;4.333333333333333;10.666666666666666
21.0;4.0;13.0
21.0;5.0;-0.80000000000000004
21.25;5.25;0.0
21.0;5.2000000000000002;1.0
21.0;4.7999999999999998;2.0
20.75;4.75;3.0
20.666666666666668;4.666666666666667;3.6666666666666665
20.666666666666668;4.666666666666667;9.3333333333333339
20.75;4.75;10.0
21.0;4.7999999999999998;11.0
21.0;5.2000000000000002;12.0
21.0;5.0;12.800000000000001
20.666666666666668;5.666666666666667;-0.66666666666666663
20.75;5.75;0.0
20.666666666666668;5.666666666666667;0.66666666666666663
20.666666666666668;5.666666666666667;12.333333333333334
20.666666666666668;5.666666666666667;12.666666666666666
22.333333333333332;0.33333333333333331;-0.66666666666666663
22.25;0.25;0.0
22.25;0.25;1.0
22.333333333333332;0.33333333333333331;1.6666666666666667
22.333333333333332;0.33333333333333331;9.3333333333333339
22.25;0.25;10.0
22.25;0.25;11.0
22.25;0.25;12.0
22.333333333333332;0.33333333333333331;12.666666666666666
22.0;1.0;-0.80000000000000004
21.75;0.75;0.0
21.75;0.75;1.0
22.0;0.80000000000000004;2.0
22.0;1.0;3.0
22.0;1.2;4.0
22.25;1.25;5.0
22.333333333333332;1.3333333333333333;5.666666666666667
22.333333333333332;1.3333333333333333;7.333333333333333
22.0;1.2;8.0
22.0;0.80000000000000004;9.0
21.75;0.75;10.0
21.75;0.75;11.0
21.75;0.75;12.0
22.0;1.0;12.800000000000001
22.0;2.0;-1.0
21.666666666666668;1.6666666666666667;4.333333333333333
21.75;1.75;5.0
22.0;2.0;5.7999999999999998
22.0;2.0;7.2000000000000002
21.666666666666668;1.6666666666666667;7.666666666666667
22.0;2.0;13.0
22.0;3.0;-1.0
22.333333333333332;3.3333333333333335;3.3333333333333335
22.25;3.25;4.0
22.0;3.2000000000000002;5.0
22.0;2.75;5.75
22.0;2.75;7.25
22.0;3.2000000000000002;8.0
22.25;3.25;9.0
22.333333333333332;3.3333333333333335;9.6666666666666661
22.0;3.0;13.0
22.0;4.0;-0.80000000000000004
22.25;4.25;0.0
22.25;4.25;1.0
22.0;4.2000000000000002;2.0
22.0;3.7999999999999998;3.0
21.75;3.75;4.0
21.666666666666668;3.6666666666666665;4.666666666666667
21.666666666666668;3.6666666666666665;8.3333333333333339
21.75;3.75;9.0
22.0;3.7999999999999998;10.0
22.0;4.2000000000000002;11.0
22.25;4.25;12.0
22.0;4.0;12.800000000000001
21.666666666666668;4.666666666666667;-0.66666666666666663
21.75;4.75;0.0
21.75;4.75;1.0
21.666666666666668;4.666666666666667;1.6666666666666667
21.666666666666668;4.666666666666667;11.333333333333334
21.75;4.75;12.0
21.666666666666668;4.666666666666667;12.666666666666666
23.333333333333332;-0.66666666666666663;12.333333333333334
23.333333333333332;-0.66666666666666663;12.666666666666666
23.0;0.25;-0.75
23.0;0.0;0.0
23.0;0.0;1.0
23.0;0.20000000000000001;2.0
23.25;0.25;3.0
23.25;0.25;4.0
23.25;0.25;5.0
23.333333333333332;0.33333333333333331;5.666666666666667
23.333333333333332;0.33333333333333331;7.333333333333333
23.25;0.25;8.0
23.0;0.20000000000000001;9.0
23.0;0.0;10.0
23.0;0.0;11.0
23.0;-0.20000000000000001;12.0
23.0;0.0;12.800000000000001
23.0;1.0;-1.0
22.666666666666668;0.66666666666666663;2.3333333333333335
22.75;0.75;3.0
22.75;0.75;4.0
22.75;0.75;5.0
23.0;1.0;5.7999999999999998
23.0;1.0;7.2000000000000002
22.75;0.75;8.0
22.666666666666668;0.66666666666666663;8.6666666666666661
23.0;1.0;13.0
23.0;2.0;-1.0
23.333333333333332;2.3333333333333335;4.333333333333333
23.25;2.25;5.0
23.0;2.0;5.7999999999999998
23.0;2.0;7.2000000000000002
23.25;2.25;8.0
23.333333333333332;2.3333333333333335;8.6666666666666661
23.0;2.0;13.0
23.0;3.0;-1.0
23.333333333333332;3.3333333333333335;0.33333333333333331
23.25;3.25;1.0
23.25;3.25;2.0
23.0;3.2000000000000002;3.0
23.0;2.7999999999999998;4.0
22.75;2.75;5.0
22.666666666666668;2.6666666666666665;5.666666666666667
22.666666666666668;2.6666666666666665;7.333333333333333
22.75;2.75;8.0
23.0;2.7999999999999998;9.0
23.0;3.2000000000000002;10.0
23.25;3.25;11.0
23.333333333333332;3.3333333333333335;11.666666666666666
23.0;3.0;13.0
23.0;3.75;-0.75
23.0;3.7999999999999998;0.0
22.75;3.75;1.0
22.75;3.75;2.0
22.666666666666668;3.6666666666666665;2.6666666666666665
22.666666666666668;3.6666666666666665;10.333333333333334
22.75;3.75;11.0
23.0;3.7999999999999998;12.0
23.0;3.75;12.75
24.333333333333332;-0.66666666666666663;-0.66666666666666663
24.25;-0.75;0.0
24.25;-0.75;1.0
24.25;-0.75;2.0
24.25;-0.75;3.0
24.25;-0.75;4.0
24.25;-0.75;5.0
24.333333333333332;-0.66666666666666663;5.666666666666667
24.333333333333332;-0.66666666666666663;7.333333333333333
24.25;-0.75;8.0
24.25;-0.75;9.0
24.25;-0.75;10.0
24.25;-0.75;11.0
24.0;-0.80000000000000004;12.0
24.0;-0.75;12.75
24.0;0.0;-0.80000000000000004
23.75;-0.25;0.0
23.75;-0.25;1.0
23.75;-0.25;2.0
23.75;-0.25;3.0
23.75;-0.25;4.0
23.75;-0.25;5.0
24.0;0.0;6.0
24.0;0.0;7.0
23.75;-0.25;8.0
23.75;-0.25;9.0
23.75;-0.25;10.0
23.75;-0.25;11.0
23.666666666666668;-0.33333333333333331;11.666666666666666
24.0;0.0;13.0
24.0;1.0;-1.0
24.333333333333332;1.3333333333333333;5.333333333333333
24.0;1.0;6.0
24.0;1.0;7.0
24.333333333333332;1.3333333333333333;7.666666666666667
24.0;1.0;13.0
24.0;2.0;-1.0
24.333333333333332;2.3333333333333335;1.3333333333333333
24.25;2.25;2.0
24.25;2.25;3.0
24.0;2.2000000000000002;4.0
24.0;1.8;5.0
23.666666666666668;1.6666666666666667;5.666666666666667
23.666666666666668;1.6666666666666667;7.333333333333333
24.0;1.8;8.0
24.0;2.2000000000000002;9.0
24.25;2.25;10.0
24.333333333333332;2.3333333333333335;10.666666666666666
24.0;2.0;13.0
24.0;3.0;-0.80000000000000004
24.0;3.2000000000000002;0.0
24.0;2.7999999999999998;1.0
23.75;2.75;2.0
23.75;2.75;3.0
23.666666666666668;2.6666666666666665;3.6666666666666665
23.666666666666668;2.6666666666666665;9.3333333333333339
23.75;2.75;10.0
24.0;2.7999999999999998;11.0
24.0;3.2000000000000002;12.0
24.0;3.0;12.800000000000001
23.666666666666668;3.6666666666666665;-0.66666666666666663
23.666666666666668;3.6666666666666665;-0.33333333333333331
23.666666666666668;3.6666666666666665;12.333333333333334
23.666666666666668;3.6666666666666665;12.666666666666666
25.0;-0.75;-0.75
25.0;-1.0;0.0
25.0;-1.0;1.0
25.0;-1.0;2.0
25.0;-1.0;3.0
25.0;-1.0;4.0
25.0;-1.0;5.0
25.0;-0.80000000000000004;6.0
25.0;-0.80000000000000004;7.0
25.0;-1.0;8.0
25.0;-1.0;9.0
25.0;-1.0;10.0
25.0;-1.0;11.0
25.0;-1.0;12.0
25.0;-0.75;12.75
25.0;0.0;-1.0
24.666666666666668;-0.33333333333333331;6.333333333333333
24.666666666666668;-0.33333333333333331;6.666666666666667
25.0;0.0;13.0
25.0;1.0;-1.0
25.333333333333332;1.3333333333333333;3.3333333333333335
25.25;1.25;4.0
25.0;1.2;5.0
25.0;1.0;6.0
25.0;1.0;7.0
25.0;1.2;8.0
25.25;1.25;9.0
25.333333333333332;1.3333333333333333;9.6666666666666661
25.0;1.0;13.0
25.0;2.0;-0.80000000000000004
25.25;2.25;0.0
25.0;2.2000000000000002;1.0
25.0;2.0;2.0
25.0;1.8;3.0
24.75;1.75;4.0
24.666666666666668;1.6666666666666667;4.666666666666667
24.666666666666668;1.6666666666666667;8.3333333333333339
24.75;1.75;9.0
25.0;1.8;10.0
25.0;2.2000000000000002;11.0
25.25;2.25;12.0
25.0;2.0;12.800000000000001
24.666666666666668;2.6666666666666665;-0.66666666666666663
24.75;2.75;0.0
24.666666666666668;2.6666666666666665;0.66666666666666663
24.666666666666668;2.6666666666666665;11.333333333333334
24.75;2.75;12.0
24.666666666666668;2.6666666666666665;12.666666666666666
26.0;-0.75;-0.75
26.0;-1.0;0.0
26.0;-1.0;1.0
26.0;-1.0;2.0
26.0;-1.0;3.0
26.0;-1.0;4.0
26.0;-1.0;5.0
26.0;-1.0;6.0
26.0;-1.0;7.0
26.0;-1.0;8.0
26.0;-1.0;9.0
26.0;-1.0;10.0
26.0;-1.0;11.0
26.0;-1.0;12.0
26.0;-0.75;12.75
26.0;0.0;-1.0
26.0;0.0;13.0
26.0;1.0;-1.0
26.333333333333332;1.3333333333333333;1.3333333333333333
26.25;1.25;2.0
26.0;1.2;3.0
26.0;1.0;4.0
26.0;1.0;5.0
26.0;1.0;6.0
26.0;1.0;7.0
26.0;1.0;8.0
26.0;1.0;9.0
26.0;1.2;10.0
26.25;1.25;11.0
26.333333333333332;1.3333333333333333;11.666666666666666
26.0;1.0;13.0
26.0;1.75;-0.75
26.0;2.0;0.0
26.0;1.8;1.0
25.75;1.75;2.0
25.666666666666668;1.6666666666666667;2.6666666666666665
25.666666666666668;1.6666666666666667;10.333333333333334
25.75;1.75;11.0
26.0;1.8;12.0
26.0;1.75;12.75
27.0;-0.75;-0.75
27.0;-1.0;0.0
27.0;-1.0;1.0
27.0;-1.0;2.0
27.0;-1.0;3.0
27.0;-1.0;4.0
27.0;-1.0;5.0
27.0;-1.0;6.0
27.0;-1.0;7.0
27.0;-1.0;8.0
27.0;-1.0;9.0
27.0;-1.0;10.0
27.0;-1.0;11.0
27.0;-1.0;12.0
27.0;-0.75;12.75
27.0;0.0;-1.0
27.0;0.0;13.0
27.0;1.0;-1.0
27.0;1.25;1.25
27.0;1.0;2.0
27.0;1.0;3.0
27.0;1.0;4.0
27.0;1.0;5.0
27.0;1.0;6.0
27.0;1.0;7.0
27.0;1.0;8.0
27.0;1.0;9.0
27.0;1.0;10.0
27.0;1.2;11.0
26.666666666666668;1.3333333333333333;11.666666666666666
27.0;1.0;13.0
27.0;1.75;-0.75
27.0;2.0;0.0
27.0;1.75;0.75
27.333333333333332;1.6666666666666667;11.333333333333334
27.0;1.8;12.0
27.0;1.75;12.75
28.0;-0.75;-0.75
28.0;-1.0;0.0
28.0;-1.0;1.0
28.0;-1.0;2.0
28.0;-1.0;3.0
28.0;-1.0;4.0
28.0;-1.0;5.0
28.0;-1.0;6.0
28.0;-1.0;7.0
28.0;-1.0;8.0
28.0;-1.0;9.0
28.0;-1.0;10.0
28.0;-1.0;11.0
28.0;-1.0;12.0
28.0;-0.75;12.75
28.0;0.0;-1.0
28.0;0.0;13.0
28.0;1.0;-1.0
27.666666666666668;1.3333333333333333;1.3333333333333333
27.75;1.25;2.0
28.0;1.2;3.0
28.0;1.0;4.0
28.0;1.0;5.0
28.0;1.0;6.0
28.0;1.0;7.0
28.0;1.0;8.0
28.0;1.2;9.0
27.75;1.25;10.0
27.666666666666668;1.3333333333333333;10.666666666666666
28.0;1.0;13.0
28.0;1.75;-0.75
28.0;2.0;0.0
28.0;1.8;1.0
28.25;1.75;2.0
28.333333333333332;1.6666666666666667;2.6666666666666665
28.333333333333332;1.6666666666666667;9.3333333333333339
28.25;1.75;10.0
28.0;1.8;11.0
28.0;2.0;12.0
28.0;1.75;12.75
29.0;-0.75;-0.75
29.0;-1.0;0.0
29.0;-1.0;1.0
29.0;-1.0;2.0
29.0;-1.0;3.0
29.0;-1.0;4.0
29.0;-1.0;5.0
29.0;-1.0;6.0
29.0;-1.0;7.0
29.0;-1.0;8.0
29.0;-1.0;9.0
29.0;-1.0;10.0
29.0;-1.0;11.0
29.0;-1.0;12.0
29.0;-0.75;12.75
29.0;0.0;-1.0
29.0;0.0;13.0
29.0;1.0;-1.0
28.666666666666668;1.3333333333333333;3.3333333333333335
28.75;1.25;4.0
29.0;1.2;5.0
29.0;1.2;6.0
28.75;1.25;7.0
28.75;1.25;8.0
28.666666666666668;1.3333333333333333;8.6666666666666661
29.0;1.0;13.0
29.0;2.0;-0.80000000000000004
28.75;2.25;0.0
29.0;2.2000000000000002;1.0
29.0;2.0;2.0
29.0;1.8;3.0
29.25;1.75;4.0
29.333333333333332;1.6666666666666667;4.666666666666667
29.333333333333332;1.6666666666666667;6.333333333333333
29.25;1.75;7.0
29.25;1.75;8.0
29.0;1.8;9.0
29.0;2.2000000000000002;10.0
28.75;2.25;11.0
28.75;2.25;12.0
29.0;2.0;12.800000000000001
29.333333333333332;2.6666666666666665;-0.66666666666666663
29.25;2.75;0.0
29.333333333333332;2.6666666666666665;0.66666666666666663
29.333333333333332;2.6666666666666665;10.333333333333334
29.25;2.75;11.0
29.25;2.75;12.0
29.333333333333332;2.6666666666666665;12.666666666666666
29.666666666666668;-0.66666666666666663;-0.66666666666666663
29.75;-0.75;0.0
29.75;-0.75;1.0
29.75;-0.75;2.0
29.75;-0.75;3.0
29.75;-0.75;4.0
29.75;-0.75;5.0
29.75;-0.75;6.0
29.75;-0.75;7.0
29.75;-0.75;8.0
29.75;-0.75;9.0
29.75;-0.75;10.0
29.75;-0.75;11.0
29.75;-0.75;12.0
29.666666666666668;-0.66666666666666663;12.666666666666666
30.0;0.0;-0.80000000000000004
30.25;-0.25;0.0
30.25;-0.25;1.0
30.25;-0.25;2.0
30.25;-0.25;3.0
30.25;-0.25;4.0
30.25;-0.25;5.0
30.25;-0.25;6.0
30.25;-0.25;7.0
30.25;-0.25;8.0
30.25;-0.25;9.0
30.25;-0.25;10.0
30.25;-0.25;11.0
30.25;-0.25;12.0
30.0;0.0;12.800000000000001
30.0;1.0;-1.0
29.666666666666668;1.3333333333333333;5.333333333333333
29.666666666666668;1.3333333333333333;5.666666666666667
30.0;1.0;13.0
30.0;2.0;-1.0
29.666666666666668;2.3333333333333335;1.3333333333333333
29.75;2.25;2.0
29.75;2.25;3.0
30.0;2.2000000000000002;4.0
30.0;1.8;5.0
30.0;1.8;6.0
30.0;2.0;7.0
30.0;2.2000000000000002;8.0
29.75;2.25;9.0
29.666666666666668;2.3333333333333335;9.6666666666666661
30.0;2.0;13.0
30.0;2.75;-0.75
30.0;3.0;0.0
30.0;2.7999999999999998;1.0
30.25;2.75;2.0
30.25;2.75;3.0
30.333333333333332;2.6666666666666665;3.6666666666666665
30.333333333333332;2.6666666666666665;8.3333333333333339
30.25;2.75;9.0
30.0;2.7999999999999998;10.0
30.0;3.0;11.0
30.0;3.0;12.0
30.0;2.75;12.75
31.0;0.25;-0.75
31.0;0.0;0.0
31.0;0.20000000000000001;1.0
30.75;0.25;2.0
30.75;0.25;3.0
30.75;0.25;4.0
30.75;0.25;5.0
30.75;0.25;6.0
30.75;0.25;7.0
30.75;0.25;8.0
30.75;0.25;9.0
30.75;0.25;10.0
30.75;0.25;11.0
30.75;0.25;12.0
30.666666666666668;0.33333333333333331;12.666666666666666
31.0;1.0;-1.0
31.333333333333332;0.66666666666666663;1.3333333333333333
31.25;0.75;2.0
31.25;0.75;3.0
31.25;0.75;4.0
31.25;0.75;5.0
31.25;0.75;6.0
31.25;0.75;7.0
31.25;0.75;8.0
31.25;0.75;9.0
31.25;0.75;10.0
31.25;0.75;11.0
31.25;0.75;12.0
31.0;1.0;12.800000000000001
31.0;2.0;-1.0
30.666666666666668;2.3333333333333335;4.333333333333333
30.75;2.25;5.0
30.75;2.25;6.0
30.75;2.25;7.0
30.666666666666668;2.3333333333333335;7.666666666666667
31.0;2.0;13.0
31.0;3.0;-0.80000000000000004
30.75;3.25;0.0
30.75;3.25;1.0
31.0;3.2000000000000002;2.0
31.0;3.0;3.0
31.0;2.7999999999999998;4.0
31.25;2.75;5.0
31.25;2.75;6.0
31.25;2.75;7.0
31.0;2.7999999999999998;8.0
31.0;3.2000000000000002;9.0
30.75;3.25;10.0
30.75;3.25;11.0
30.75;3.25;12.0
31.0;3.0;12.800000000000001
31.333333333333332;3.6666666666666665;-0.66666666666666663
31.25;3.75;0.0
31.25;3.75;1.0
31.333333333333332;3.6666666666666665;1.6666666666666667
31.333333333333332;3.6666666666666665;9.3333333333333339
31.25;3.75;10.0
31.25;3.75;11.0
31.25;3.75;12.0
31.333333333333332;3.6666666666666665;12.666666666666666
31.666666666666668;0.33333333333333331;-0.66666666666666663
31.75;0.25;0.0
31.666666666666668;0.33333333333333331;0.66666666666666663
32.0;1.0;-0.80000000000000004
32.25;0.75;0.0
32.0;0.80000000000000004;1.0
32.0;1.0;2.0
32.0;1.0;3.0
32.0;1.2;4.0
31.75;1.25;5.0
31.75;1.25;6.0
31.75;1.25;7.0
32.0;1.2;8.0
32.0;1.0;9.0
32.0;1.0;10.0
32.0;1.0;11.0
32.0;1.0;12.0
32.0;1.25;12.75
32.0;2.0;-1.0
32.333333333333336;1.6666666666666667;4.333333333333333
32.25;1.75;5.0
32.25;1.75;6.0
32.25;1.75;7.0
32.333333333333336;1.6666666666666667;7.666666666666667
32.0;2.0;13.0
32.0;3.0;-1.0
31.666666666666668;3.3333333333333335;2.3333333333333335
31.75;3.25;3.0
32.0;3.2000000000000002;4.0
32.0;3.0;5.0
32.0;3.2000000000000002;6.0
31.75;3.25;7.0
31.75;3.25;8.0
31.666666666666668;3.3333333333333335;8.6666666666666661
32.0;3.0;13.0
32.0;4.0;-0.80000000000000004
31.75;4.25;0.0
32.0;4.2000000000000002;1.0
32.0;3.7999999999999998;2.0
32.25;3.75;3.0
32.333333333333336;3.6666666666666665;3.6666666666666665
32.333333333333336;3.6666666666666665;6.333333333333333
32.25;3.75;7.0
32.25;3.75;8.0
32.0;3.7999999999999998;9.0
32.0;4.2000000000000002;10.0
31.75;4.25;11.0
31.75;4.25;12.0
32.0;4.0;12.800000000000001
32.333333333333336;4.666666666666667;-0.66666666666666663
32.25;4.75;0.0
32.333333333333336;4.666666666666667;0.66666666666666663
32.333333333333336;4.666666666666667;10.333333333333334
32.25;4.75;11.0
32.25;4.75;12.0
32.333333333333336;4.666666666666667;12.666666666666666
33.0;1.25;-0.75
33.0;1.2;0.0
32.75;1.25;1.0
32.75;1.25;2.0
32.75;1.25;3.0
32.666666666666664;1.3333333333333333;3.6666666666666665
32.666666666666664;1.3333333333333333;8.3333333333333339
32.75;1.25;9.0
32.75;1.25;10.0
32.75;1.25;11.0
32.75;1.25;12.0
32.666666666666664;1.3333333333333333;12.666666666666666
33.0;2.0;-1.0
33.333333333333336;1.6666666666666667;0.33333333333333331
33.25;1.75;1.0
33.25;1.75;2.0
33.25;1.75;3.0
33.0;2.0;4.0
32.75;2.25;5.0
32.75;2.25;6.0
33.0;2.2000000000000002;7.0
33.0;1.8;8.0
33.25;1.75;9.0
33.25;1.75;10.0
33.25;1.75;11.0
33.25;1.75;12.0
33.0;2.0;12.800000000000001
33.0;3.0;-1.0
33.0;3.0;4.333333333333333
33.0;3.0;5.0
33.0;3.0;5.8571428571428568
33.333333333333336;2.6666666666666665;6.666666666666667
33.0;3.0;13.0
33.0;4.0;-1.0
32.666666666666664;4.333333333333333;1.3333333333333333
32.75;4.25;2.0
33.0;4.2000000000000002;3.0
33.0;3.7999999999999998;4.0
33.25;3.75;5.0
33.0;3.7999999999999998;6.0
33.0;4.0;7.0
33.0;4.2000000000000002;8.0
32.75;4.25;9.0
32.666666666666664;4.333333333333333;9.6666666666666661
33.0;4.0;13.0
33.0;5.0;-0.80000000000000004
33.0;5.2000000000000002;0.0
33.0;4.7999999999999998;1.0
33.25;4.75;2.0
33.333333333333336;4.666666666666667;2.6666666666666665
33.333333333333336;4.666666666666667;8.3333333333333339
33.25;4.75;9.0
33.0;4.7999999999999998;10.0
33.0;5.0;11.0
33.0;5.2000000000000002;12.0
33.0;5.0;12.800000000000001
33.333333333333336;5.666666666666667;-0.66666666666666663
33.333333333333336;5.666666666666667;-0.33333333333333331
33.333333333333336;5.666666666666667;12.333333333333334
33.333333333333336;5.666666666666667;12.666666666666666
33.666666666666664;1.3333333333333333;-0.66666666666666663
33.666666666666664;1.3333333333333333;-0.33333333333333331
34.0;2.0;-0.80000000000000004
34.0;1.8;0.0
34.0;2.0;1.0
34.0;2.2000000000000002;2.0
33.75;2.25;3.0
33.666666666666664;2.3333333333333335;3.6666666666666665
33.666666666666664;2.3333333333333335;7.333333333333333
33.75;2.25;8.0
33.75;2.25;9.0
34.0;2.2000000000000002;10.0
34.0;2.0;11.0
34.0;2.0;12.0
34.0;2.25;12.75
34.0;3.0;-1.0
34.333333333333336;2.6666666666666665;2.3333333333333335
34.25;2.75;3.0
34.0;2.7999999999999998;4.0
34.0;3.2000000000000002;5.0
34.0;3.2000000000000002;6.0
34.0;2.7999999999999998;7.0
34.25;2.75;8.0
34.25;2.75;9.0
34.333333333333336;2.6666666666666665;9.6666666666666661
34.0;3.0;13.0
34.0;4.0;-1.0
33.666666666666664;4.333333333333333;3.3333333333333335
33.75;4.25;4.0
34.0;4.0;5.0
34.0;4.0;6.0
33.75;4.25;7.0
33.666666666666664;4.333333333333333;7.666666666666667
34.0;4.0;13.0
34.0;5.0;-1.0
33.666666666666664;5.333333333333333;0.33333333333333331
33.75;5.25;1.0
34.0;5.2000000000000002;2.0
34.0;4.7999999999999998;3.0
34.25;4.75;4.0
34.333333333333336;4.666666666666667;4.666666666666667
34.333333333333336;4.666666666666667;6.333333333333333
34.25;4.75;7.0
34.0;4.7999999999999998;8.0
34.0;5.2000000000000002;9.0
33.75;5.25;10.0
33.75;5.25;11.0
33.666666666666664;5.333333333333333;11.666666666666666
34.0;5.0;13.0
34.0;5.75;-0.75
34.0;5.7999999999999998;0.0
34.25;5.75;1.0
34.333333333333336;5.666666666666667;1.6666666666666667
34.333333333333336;5.666666666666667;9.3333333333333339
34.25;5.75;10.0
34.25;5.75;11.0
34.0;5.7999999999999998;12.0
34.0;5.75;12.75
34.666666666666664;2.3333333333333335;-0.66666666666666663
34.75;2.25;0.0
34.75;2.25;1.0
34.666666666666664;2.3333333333333335;1.6666666666666667
34.666666666666664;2.3333333333333335;10.333333333333334
34.75;2.25;11.0
34.75;2.25;12.0
34.666666666666664;2.3333333333333335;12.666666666666666
35.0;3.0;-0.80000000000000004
35.25;2.75;0.0
35.25;2.75;1.0
35.0;2.7999999999999998;2.0
35.0;3.2000000000000002;3.0
34.75;3.25;4.0
34.666666666666664;3.3333333333333335;4.666666666666667
34.666666666666664;3.3333333333333335;6.333333333333333
34.75;3.25;7.0
35.0;3.2000000000000002;8.0
35.0;3.0;9.0
35.0;2.7999999999999998;10.0
35.25;2.75;11.0
35.25;2.75;12.0
35.0;3.0;12.800000000000001
35.0;4.0;-1.0
35.333333333333336;3.6666666666666665;3.3333333333333335
35.25;3.75;4.0
35.0;4.0;4.7999999999999998
35.0;4.0;6.2000000000000002
35.25;3.75;7.0
35.333333333333336;3.6666666666666665;7.666666666666667
35.0;4.0;13.0
35.0;5.0;-1.0
34.666666666666664;5.333333333333333;2.3333333333333335
34.75;5.25;3.0
35.0;5.2000000000000002;4.0
35.0;4.75;4.75
35.0;4.75;6.25
35.0;5.2000000000000002;7.0
34.75;5.25;8.0
34.666666666666664;5.333333333333333;8.6666666666666661
35.0;5.0;13.0
35.0;6.0;-0.80000000000000004
34.75;6.25;0.0
35.0;6.2000000000000002;1.0
35.0;5.7999999999999998;2.0
35.25;5.75;3.0
35.333333333333336;5.666666666666667;3.6666666666666665
35.333333333333336;5.666666666666667;7.333333333333333
35.25;5.75;8.0
35.0;5.7999999999999998;9.0
35.0;6.2000000000000002;10.0
34.75;6.25;11.0
34.75;6.25;12.0
35.0;6.0;12.800000000000001
35.333333333333336;6.666666666666667;-0.66666666666666663
35.25;6.75;0.0
35.333333333333336;6.666666666666667;0.66666666666666663
35.333333333333336;6.666666666666667;10.333333333333334
35.25;6.75;11.0
35.25;6.75;12.0
35.333333333333336;6.666666666666667;12.666666666666666
36.0;3.25;-0.75
36.0;3.0;0.0
36.0;3.2000000000000002;1.0
35.75;3.25;2.0
35.666666666666664;3.3333333333333335;2.6666666666666665
35.666666666666664;3.3333333333333335;8.3333333333333339
35.75;3.25;9.0
35.75;3.25;10.0
36.0;3.2000000000000002;11.0
36.0;3.0;12.0
36.0;3.25;12.75
36.0;4.0;-1.0
36.333333333333336;3.6666666666666665;1.3333333333333333
36.25;3.75;2.0
36.0;3.7999999999999998;3.0
36.0;4.2000000000000002;4.0
35.666666666666664;4.333333333333333;4.666666666666667
35.666666666666664;4.333333333333333;6.333333333333333
36.0;4.2000000000000002;7.0
36.0;3.7999999999999998;8.0
36.25;3.75;9.0
36.25;3.75;10.0
36.333333333333336;3.6666666666666665;10.666666666666666
36.0;4.0;13.0
36.0;5.0;-1.0
36.0;5.0;4.333333333333333
36.0;5.0;4.8571428571428568
36.0;5.0;6.1428571428571432
36.0;5.0;6.666666666666667
36.0;5.0;13.0
36.0;6.0;-1.0
35.666666666666664;6.333333333333333;1.3333333333333333
35.75;6.25;2.0
36.0;6.2000000000000002;3.0
36.0;5.7999999999999998;4.0
36.25;5.75;5.0
36.25;5.75;6.0
36.0;5.7999999999999998;7.0
36.0;6.2000000000000002;8.0
35.75;6.25;9.0
35.666666666666664;6.333333333333333;9.6666666666666661
36.0;6.0;13.0
36.0;7.0;-0.80000000000000004
36.0;7.2000000000000002;0.0
36.0;6.7999999999999998;1.0
36.25;6.75;2.0
36.333333333333336;6.666666666666667;2.6666666666666665
36.333333333333336;6.666666666666667;8.3333333333333339
36.25;6.75;9.0
36.0;6.7999999999999998;10.0
36.0;7.0;11.0
36.0;7.2000000000000002;12.0
36.0;7.0;12.800000000000001
36.333333333333336;7.666666666666667;-0.66666666666666663
36.333333333333336;7.666666666666667;-0.33333333333333331
36.333333333333336;7.666666666666667;12.333333333333334
36.333333333333336;7.666666666666667;12.666666666666666
36.666666666666664;3.3333333333333335;-0.66666666666666663
36.75;3.25;0.0
36.666666666666664;3.3333333333333335;0.66666666666666663
36.666666666666664;3.3333333333333335;11.333333333333334
36.75;3.25;12.0
36.666666666666664;3.3333333333333335;12.666666666666666
37.0;4.0;-0.80000000000000004
37.25;3.75;0.0
37.0;3.7999999999999998;1.0
37.0;4.0;2.0
37.0;4.2000000000000002;3.0
36.666666666666664;4.333333333333333;3.6666666666666665
36.666666666666664;4.333333333333333;7.333333333333333
36.75;4.25;8.0
36.75;4.25;9.0
37.0;4.2000000000000002;10.0
37.0;3.7999999999999998;11.0
37.25;3.75;12.0
37.0;4.0;12.800000000000001
37.0;5.0;-1.0
37.333333333333336;4.666666666666667;3.3333333333333335
37.0;5.0;4.0
36.75;5.25;5.0
37.0;5.2000000000000002;6.0
37.0;4.7999999999999998;7.0
37.25;4.75;8.0
37.25;4.75;9.0
37.333333333333336;4.666666666666667;9.6666666666666661
37.0;5.0;13.0
37.0;6.0;-1.0
36.666666666666664;6.333333333333333;3.3333333333333335
37.0;6.0;4.0
36.75;5.75;5.0
37.0;6.0;6.0
36.75;6.25;7.0
36.666666666666664;6.333333333333333;7.666666666666667
37.0;6.0;13.0
37.0;7.0;-1.0
36.666666666666664;7.333333333333333;0.33333333333333331
36.75;7.25;1.0
37.0;7.2000000000000002;2.0
37.0;6.7999999999999998;3.0
37.333333333333336;6.666666666666667;3.6666666666666665
37.333333333333336;6.666666666666667;6.333333333333333
37.25;6.75;7.0
37.0;6.7999999999999998;8.0
37.0;7.2000000000000002;9.0
36.75;7.25;10.0
36.75;7.25;11.0
36.666666666666664;7.333333333333333;11.666666666666666
37.0;7.0;13.0
37.0;7.75;-0.75
37.0;7.7999999999999998;0.0
37.25;7.75;1.0
37.333333333333336;7.666666666666667;1.6666666666666667
37.333333333333336;7.666666666666667;9.3333333333333339
37.25;7.75;10.0
37.25;7.75;11.0
37.0;7.7999999999999998;12.0
37.0;7.75;12.75
38.0;4.25;-0.75
38.0;4.2000000000000002;0.0
37.75;4.25;1.0
37.75;4.25;2.0
37.666666666666664;4.333333333333333;2.6666666666666665
37.666666666666664;4.333333333333333;10.333333333333334
37.75;4.25;11.0
38.0;4.2000000000000002;12.0
38.0;4.25;12.75
38.0;5.0;-1.0
38.333333333333336;4.666666666666667;0.33333333333333331
38.25;4.75;1.0
38.25;4.75;2.0
38.0;5.0;3.0
37.666666666666664;5.333333333333333;3.6666666666666665
37.666666666666664;5.333333333333333;6.333333333333333
37.75;5.25;7.0
37.75;5.25;8.0
38.0;5.2000000000000002;9.0
38.0;4.7999999999999998;10.0
38.25;4.75;11.0
38.333333333333336;4.666666666666667;11.666666666666666
38.0;5.0;13.0
38.0;6.0;-1.0
38.333333333333336;5.666666666666667;3.3333333333333335
38.0;6.0;3.7999999999999998
38.0;6.0;6.2000000000000002
38.25;5.75;7.0
38.25;5.75;8.0
38.333333333333336;5.666666666666667;8.6666666666666661
38.0;6.0;13.0
38.0;7.0;-1.0
37.666666666666664;7.333333333333333;2.3333333333333335
37.75;7.25;3.0
38.0;7.0;3.7999999999999998
38.0;6.75;6.25
38.0;7.2000000000000002;7.0
37.75;7.25;8.0
37.666666666666664;7.333333333333333;8.6666666666666661
38.0;7.0;13.0
38.0;8.0;-0.80000000000000004
37.75;8.25;0.0
38.0;8.1999999999999993;1.0
38.0;7.7999999999999998;2.0
38.25;7.75;3.0
38.333333333333336;7.666666666666667;3.6666666666666665
38.333333333333336;7.666666666666667;7.333333333333333
38.25;7.75;8.0
38.0;7.7999999999999998;9.0
38.0;8.0;10.0
38.0;8.1999999999999993;11.0
37.75;8.25;12.0
38.0;8.0;12.800000000000001
38.333333333333336;8.6666666666666661;-0.66666666666666663
38.25;8.75;0.0
38.333333333333336;8.6666666666666661;0.66666666666666663
38.333333333333336;8.6666666666666661;11.333333333333334
38.25;8.75;12.0
38.333333333333336;8.6666666666666661;12.666666666666666
38.666666666666664;4.333333333333333;-0.66666666666666663
38.666666666666664;4.333333333333333;-0.33333333333333331
38.666666666666664;4.333333333333333;12.333333333333334
38.666666666666664;4.333333333333333;12.666666666666666
39.0;5.0;-0.80000000000000004
39.0;4.7999999999999998;0.0
39.0;5.0;1.0
39.0;5.2000000000000002;2.0
38.666666666666664;5.333333333333333;2.6666666666666665
38.666666666666664;5.333333333333333;9.3333333333333339
38.75;5.25;10.0
39.0;5.2000000000000002;11.0
39.0;4.7999999999999998;12.0
39.0;5.0;12.800000000000001
39.0;6.0;-1.0
39.333333333333336;5.666666666666667;2.3333333333333335
39.0;5.7999999999999998;3.0
39.0;6.25;3.75
38.666666666666664;6.333333333333333;6.333333333333333
39.0;6.2000000000000002;7.0
39.0;6.0;8.0
39.0;5.7999999999999998;9.0
39.25;5.75;10.0
39.333333333333336;5.666666666666667;10.666666666666666
39.0;6.0;13.0
39.0;7.0;-1.0
39.0;7.0;4.2000000000000002
39.25;7.25;5.0
39.0;7.0;6.1428571428571432
39.0;7.0;6.666666666666667
39.0;7.0;13.0
39.0;8.0;-1.0
38.666666666666664;8.3333333333333339;1.3333333333333333
38.75;8.25;2.0
38.75;8.25;3.0
39.0;8.0;4.0
39.25;7.75;5.0
39.25;7.75;6.0
39.0;7.7999999999999998;7.0
39.0;8.1999999999999993;8.0
38.75;8.25;9.0
38.75;8.25;10.0
38.666666666666664;8.3333333333333339;10.666666666666666
39.0;8.0;13.0
39.0;9.0;-0.80000000000000004
39.0;9.1999999999999993;0.0
39.0;8.8000000000000007;1.0
39.25;8.75;2.0
39.25;8.75;3.0
39.333333333333336;8.6666666666666661;3.6666666666666665
39.333333333333336;8.6666666666666661;8.3333333333333339
39.25;8.75;9.0
39.25;8.75;10.0
39.0;8.8000000000000007;11.0
39.0;9.1999999999999993;12.0
39.0;9.0;12.800000000000001
39.333333333333336;9.6666666666666661;-0.66666666666666663
39.333333333333336;9.6666666666666661;-0.33333333333333331
39.333333333333336;9.6666666666666661;12.333333333333334
39.333333333333336;9.6666666666666661;12.666666666666666
39.666666666666664;5.333333333333333;-0.66666666666666663
39.75;5.25;0.0
39.75;5.25;1.0
39.666666666666664;5.333333333333333;1.6666666666666667
39.666666666666664;5.333333333333333;11.333333333333334
39.75;5.25;12.0
39.666666666666664;5.333333333333333;12.666666666666666
40.0;6.0;-0.80000000000000004
40.25;5.75;0.0
40.25;5.75;1.0
40.0;6.0;2.0
39.75;6.25;3.0
39.666666666666664;6.333333333333333;3.6666666666666665
39.666666666666664;6.333333333333333;7.333333333333333
39.75;6.25;8.0
39.75;6.25;9.0
40.0;6.2000000000000002;10.0
40.0;5.7999999999999998;11.0
40.25;5.75;12.0
40.0;6.0;12.800000000000001
40.0;7.0;-1.0
40.333333333333336;6.666666666666667;2.3333333333333335
40.25;6.75;3.0
40.0;7.0;4.0
39.75;7.25;5.0
39.75;7.25;6.0
40.0;7.0;7.0
40.25;6.75;8.0
40.25;6.75;9.0
40.333333333333336;6.666666666666667;9.6666666666666661
40.0;7.0;13.0
40.0;8.0;-1.0
40.0;8.0;4.2000000000000002
39.75;7.75;5.0
39.75;7.75;6.0
40.0;8.0;7.0
39.666666666666664;8.3333333333333339;7.666666666666667
40.0;8.0;13.0
40.0;9.0;-1.0
39.666666666666664;9.3333333333333339;0.33333333333333331
39.75;9.25;1.0
39.75;9.25;2.0
40.0;9.1999999999999993;3.0
40.0;8.75;3.75
40.333333333333336;8.6666666666666661;7.333333333333333
40.0;8.8000000000000007;8.0
40.0;9.1999999999999993;9.0
39.75;9.25;10.0
39.75;9.25;11.0
39.666666666666664;9.3333333333333339;11.666666666666666
40.0;9.0;13.0
40.0;9.75;-0.75
40.0;9.8000000000000007;0.0
40.25;9.75;1.0
40.25;9.75;2.0
40.333333333333336;9.6666666666666661;2.6666666666666665
40.333333333333336;9.6666666666666661;9.3333333333333339
40.25;9.75;10.0
40.25;9.75;11.0
40.0;9.8000000000000007;12.0
40.0;9.75;12.75
41.0;6.25;-0.75
41.0;6.0;0.0
41.0;6.2000000000000002;1.0
40.666666666666664;6.333333333333333;1.6666666666666667
40.666666666666664;6.333333333333333;10.333333333333334
41.0;6.2000000000000002;11.0
41.0;6.0;12.0
41.0;6.25;12.75
41.0;7.0;-1.0
41.333333333333336;6.666666666666667;1.3333333333333333
41.0;6.7999999999999998;2.0
41.0;7.2000000000000002;3.0
40.666666666666664;7.333333333333333;3.6666666666666665
40.666666666666664;7.333333333333333;7.333333333333333
41.0;7.2000000000000002;8.0
41.0;7.0;9.0
41.0;6.7999999999999998;10.0
41.333333333333336;6.666666666666667;10.666666666666666
41.0;7.0;13.0
41.0;8.0;-1.0
41.333333333333336;7.666666666666667;3.3333333333333335
41.0;8.0;3.7999999999999998
41.0;8.0;7.2000000000000002
41.333333333333336;7.666666666666667;7.666666666666667
41.0;8.0;13.0
41.0;9.0;-1.0
40.666666666666664;9.3333333333333339;3.3333333333333335
41.0;9.0;3.7999999999999998
41.0;9.0;7.2000000000000002
40.75;9.25;8.0
40.666666666666664;9.3333333333333339;8.6666666666666661
41.0;9.0;13.0
41.0;10.0;-0.80000000000000004
40.75;10.25;0.0
41.0;10.199999999999999;1.0
41.0;10.0;2.0
41.0;9.8000000000000007;3.0
41.333333333333336;9.6666666666666661;3.6666666666666665
41.333333333333336;9.6666666666666661;7.333333333333333
41.25;9.75;8.0
41.0;9.8000000000000007;9.0
41.0;10.0;10.0
41.0;10.199999999999999;11.0
40.75;10.25;12.0
41.0;10.0;12.800000000000001
41.333333333333336;10.666666666666666;-0.66666666666666663
41.25;10.75;0.0
41.333333333333336;10.666666666666666;0.66666666666666663
41.333333333333336;10.666666666666666;11.333333333333334
41.25;10.75;12.0
41.333333333333336;10.666666666666666;12.666666666666666
41.666666666666664;6.333333333333333;-0.66666666666666663
41.75;6.25;0.0
41.666666666666664;6.333333333333333;0.66666666666666663
41.666666666666664;6.333333333333333;11.333333333333334
41.75;6.25;12.0
41.666666666666664;6.333333333333333;12.666666666666666
42.0;7.0;-0.80000000000000004
42.25;6.75;0.0
42.0;6.7999999999999998;1.0
42.0;7.2000000000000002;2.0
41.666666666666664;7.333333333333333;2.6666666666666665
41.666666666666664;7.333333333333333;8.3333333333333339
41.75;7.25;9.0
42.0;7.2000000000000002;10.0
42.0;6.7999999999999998;11.0
42.25;6.75;12.0
42.0;7.0;12.800000000000001
42.0;8.0;-1.0
42.333333333333336;7.666666666666667;2.3333333333333335
42.0;7.7999999999999998;3.0
42.0;8.25;3.75
42.0;8.25;7.25
42.0;7.7999999999999998;8.0
42.25;7.75;9.0
42.333333333333336;7.666666666666667;9.6666666666666661
42.0;8.0;13.0
42.0;9.0;-1.0
42.0;9.0;4.0
42.0;9.0;7.0
42.0;9.0;13.0
42.0;10.0;-1.0
41.666666666666664;10.333333333333334;1.3333333333333333
41.75;10.25;2.0
41.75;10.25;3.0
42.0;10.0;3.7999999999999998
42.0;9.75;7.25
42.0;10.199999999999999;8.0
41.75;10.25;9.0
41.75;10.25;10.0
41.666666666666664;10.333333333333334;10.666666666666666
42.0;10.0;13.0
42.0;10.75;-0.75
42.0;11.0;0.0
42.0;10.800000000000001;1.0
42.25;10.75;2.0
42.25;10.75;3.0
42.333333333333336;10.666666666666666;3.6666666666666665
42.333333333333336;10.666666666666666;8.3333333333333339
42.25;10.75;9.0
42.25;10.75;10.0
42.0;10.800000000000001;11.0
42.0;11.0;12.0
42.0;10.75;12.75
43.0;7.25;-0.75
43.0;7.2000000000000002;0.0
42.75;7.25;1.0
42.666666666666664;7.333333333333333;1.6666666666666667
42.666666666666664;7.333333333333333;10.333333333333334
42.75;7.25;11.0
42.75;7.25;12.0
42.666666666666664;7.333333333333333;12.666666666666666
43.0;8.0;-1.0
43.333333333333336;7.666666666666667;0.33333333333333331
43.25;7.75;1.0
43.0;7.7999999999999998;2.0
43.0;8.1999999999999993;3.0
42.666666666666664;8.3333333333333339;3.6666666666666665
42.666666666666664;8.3333333333333339;7.333333333333333
42.75;8.25;8.0
43.0;8.1999999999999993;9.0
43.0;7.7999999999999998;10.0
43.25;7.75;11.0
43.25;7.75;12.0
43.0;8.0;12.800000000000001
43.0;9.0;-1.0
43.333333333333336;8.6666666666666661;3.3333333333333335
43.0;9.0;3.7999999999999998
43.0;9.0;7.2000000000000002
43.25;8.75;8.0
43.333333333333336;8.6666666666666661;8.6666666666666661
43.0;9.0;13.0
43.0;10.0;-1.0
43.0;10.0;4.0
43.0;10.0;7.2000000000000002
42.666666666666664;10.333333333333334;7.666666666666667
43.0;10.0;13.0
43.0;11.0;-0.80000000000000004
42.75;11.25;0.0
42.75;11.25;1.0
42.75;11.25;2.0
43.0;11.199999999999999;3.0
43.0;10.75;3.75
43.333333333333336;10.666666666666666;7.333333333333333
43.0;10.800000000000001;8.0
43.0;11.199999999999999;9.0
42.75;11.25;10.0
42.75;11.25;11.0
42.75;11.25;12.0
43.0;11.0;12.800000000000001
43.333333333333336;11.666666666666666;-0.66666666666666663
43.25;11.75;0.0
43.25;11.75;1.0
43.25;11.75;2.0
43.333333333333336;11.666666666666666;2.6666666666666665
43.333333333333336;11.666666666666666;9.3333333333333339
43.25;11.75;10.0
43.25;11.75;11.0
43.25;11.75;12.0
43.333333333333336;11.666666666666666;12.666666666666666
43.666666666666664;7.333333333333333;-0.66666666666666663
43.666666666666664;7.333333333333333;-0.33333333333333331
44.0;8.0;-0.80000000000000004
44.0;7.7999999999999998;0.0
44.0;8.1999999999999993;1.0
43.75;8.25;2.0
43.666666666666664;8.3333333333333339;2.6666666666666665
43.666666666666664;8.3333333333333339;9.3333333333333339
43.75;8.25;10.0
44.0;8.1999999999999993;11.0
44.0;8.0;12.0
44.0;8.25;12.75
44.0;9.0;-1.0
44.333333333333336;8.6666666666666661;1.3333333333333333
44.25;8.75;2.0
44.0;8.8000000000000007;3.0
44.0;9.25;3.75
43.666666666666664;9.3333333333333339;7.333333333333333
44.0;9.1999999999999993;8.0
44.0;8.8000000000000007;9.0
44.25;8.75;10.0
44.333333333333336;8.6666666666666661;10.666666666666666
44.0;9.0;13.0
44.0;10.0;-1.0
44.0;10.0;4.0
44.0;10.0;7.2000000000000002
44.333333333333336;9.6666666666666661;7.666666666666667
44.0;10.0;13.0
44.0;11.0;-1.0
43.666666666666664;11.333333333333334;3.3333333333333335
44.0;11.0;3.7999999999999998
44.0;11.0;7.2000000000000002
43.75;11.25;8.0
43.666666666666664;11.333333333333334;8.6666666666666661
44.0;11.0;13.0
44.0;11.75;-0.75
44.0;12.199999999999999;0.0
44.0;12.199999999999999;1.0
44.0;12.0;2.0
44.0;11.800000000000001;3.0
44.333333333333336;11.666666666666666;3.6666666666666665
44.333333333333336;11.666666666666666;7.333333333333333
44.25;11.75;8.0
44.0;11.800000000000001;9.0
44.0;12.0;10.0
44.0;12.0;11.0
44.0;12.0;12.0
44.0;11.75;12.75
44.333333333333336;12.666666666666666;0.33333333333333331
44.333333333333336;12.666666666666666;0.66666666666666663
44.666666666666664;8.3333333333333339;-0.66666666666666663
44.75;8.25;0.0
44.666666666666664;8.3333333333333339;0.66666666666666663
44.666666666666664;8.3333333333333339;11.333333333333334
44.75;8.25;12.0
44.666666666666664;8.3333333333333339;12.666666666666666
45.0;9.0;-0.80000000000000004
45.25;8.75;0.0
45.0;8.8000000000000007;1.0
45.0;9.1999999999999993;2.0
44.75;9.25;3.0
44.666666666666664;9.3333333333333339;3.6666666666666665
44.666666666666664;9.3333333333333339;8.3333333333333339
44.75;9.25;9.0
45.0;9.1999999999999993;10.0
45.0;8.8000000000000007;11.0
45.25;8.75;12.0
45.0;9.0;12.800000000000001
45.0;10.0;-1.0
45.333333333333336;9.6666666666666661;2.3333333333333335
45.25;9.75;3.0
45.0;10.0;3.7999999999999998
45.0;10.25;7.25
45.0;9.8000000000000007;8.0
45.25;9.75;9.0
45.333333333333336;9.6666666666666661;9.6666666666666661
45.0;10.0;13.0
45.0;11.0;-1.0
45.0;11.0;4.0
45.0;11.0;7.0
45.0;11.0;13.0
45.0;12.0;-0.80000000000000004
44.666666666666664;12.333333333333334;-0.33333333333333331
44.666666666666664;12.333333333333334;1.3333333333333333
44.75;12.25;2.0
44.75;12.25;3.0
45.0;12.0;3.7999999999999998
45.0;11.75;7.25
45.0;12.199999999999999;8.0
44.75;12.25;9.0
44.75;12.25;10.0
44.75;12.25;11.0
44.75;12.25;12.0
45.0;12.0;12.800000000000001
45.333333333333336;12.666666666666666;-0.66666666666666663
45.0;12.800000000000001;0.0
45.0;12.800000000000001;1.0
45.25;12.75;2.0
45.25;12.75;3.0
45.333333333333336;12.666666666666666;3.6666666666666665
45.333333333333336;12.666666666666666;8.3333333333333339
45.25;12.75;9.0
45.25;12.75;10.0
45.25;12.75;11.0
45.25;12.75;12.0
45.333333333333336;12.666666666666666;12.666666666666666
45.666666666666664;9.3333333333333339;-0.66666666666666663
45.75;9.25;0.0
45.75;9.25;1.0
45.666666666666664;9.3333333333333339;1.6666666666666667
45.666666666666664;9.3333333333333339;10.333333333333334
45.75;9.25;11.0
45.75;9.25;12.0
45.666666666666664;9.3333333333333339;12.666666666666666
46.0;10.0;-0.80000000000000004
46.25;9.75;0.0
46.25;9.75;1.0
46.0;9.8000000000000007;2.0
46.0;10.199999999999999;3.0
45.666666666666664;10.333333333333334;3.6666666666666665
45.666666666666664;10.333333333333334;7.333333333333333
45.75;10.25;8.0
46.0;10.199999999999999;9.0
46.0;9.8000000000000007;10.0
46.25;9.75;11.0
46.25;9.75;12.0
46.0;10.0;12.800000000000001
46.0;11.0;-1.0
46.333333333333336;10.666666666666666;3.3333333333333335
46.0;11.0;3.7999999999999998
46.0;11.0;7.2000000000000002
46.25;10.75;8.0
46.333333333333336;10.666666666666666;8.6666666666666661
46.0;11.0;13.0
46.0;12.0;-1.0
46.0;12.0;4.0
46.0;12.0;7.2000000000000002
45.666666666666664;12.333333333333334;7.666666666666667
46.0;12.0;13.0
46.0;13.0;-0.80000000000000004
45.75;13.25;0.0
45.75;13.25;1.0
45.75;13.25;2.0
46.0;13.199999999999999;3.0
46.0;12.75;3.75
46.333333333333336;12.666666666666666;7.333333333333333
46.0;12.800000000000001;8.0
46.0;13.199999999999999;9.0
45.75;13.25;10.0
45.75;13.25;11.0
45.75;13.25;12.0
46.0;13.0;12.800000000000001
46.333333333333336;13.666666666666666;-0.66666666666666663
46.25;13.75;0.0
46.25;13.75;1.0
46.25;13.75;2.0
46.333333333333336;13.666666666666666;2.6666666666666665
46.333333333333336;13.666666666666666;9.3333333333333339
46.25;13.75;10.0
46.25;13.75;11.0
46.25;13.75;12.0
46.333333333333336;13.666666666666666;12.666666666666666
47.0;10.25;-0.75
47.0;10.0;0.0
47.0;10.199999999999999;1.0
46.75;10.25;2.0
46.666666666666664;10.333333333333334;2.6666666666666665
46.666666666666664;10.333333333333334;9.3333333333333339
46.75;10.25;10.0
47.0;10.199999999999999;11.0
47.0;10.0;12.0
47.0;10.25;12.75
47.0;11.0;-1.0
47.333333333333336;10.666666666666666;1.3333333333333333
47.25;10.75;2.0
47.0;10.800000000000001;3.0
47.0;11.25;3.75
46.666666666666664;11.333333333333334;7.333333333333333
47.0;11.199999999999999;8.0
47.0;10.800000000000001;9.0
47.25;10.75;10.0
47.333333333333336;10.666666666666666;10.666666666666666
47.0;11.0;13.0
47.0;12.0;-1.0
47.0;12.0;4.0
47.0;12.0;7.2000000000000002
47.333333333333336;11.666666666666666;7.666666666666667
47.0;12.0;13.0
47.0;13.0;-1.0
46.666666666666664;13.333333333333334;3.3333333333333335
47.0;13.0;3.7999999999999998
47.0;13.0;7.2000000000000002
46.75;13.25;8.0
46.666666666666664;13.333333333333334;8.6666666666666661
47.0;13.0;13.0
47.0;13.75;-0.75
47.0;14.0;0.0
47.0;14.0;1.0
47.0;14.0;2.0
47.0;13.800000000000001;3.0
47.333333333333336;13.666666666666666;3.6666666666666665
47.333333333333336;13.666666666666666;7.333333333333333
47.25;13.75;8.0
47.0;13.800000000000001;9.0
47.0;14.0;10.0
47.0;14.0;11.0
47.0;14.0;12.0
47.0;13.75;12.75
47.666666666666664;10.333333333333334;-0.66666666666666663
47.75;10.25;0.0
47.666666666666664;10.333333333333334;0.66666666666666663
47.666666666666664;10.333333333333334;11.333333333333334
47.75;10.25;12.0
47.666666666666664;10.333333333333334;12.666666666666666
48.0;11.0;-0.80000000000000004
48.25;10.75;0.0
48.0;10.800000000000001;1.0
48.0;11.199999999999999;2.0
47.75;11.25;3.0
47.666666666666664;11.333333333333334;3.6666666666666665
47.666666666666664;11.333333333333334;8.3333333333333339
48.0;11.199999999999999;9.0
48.0;11.0;10.0
48.0;10.800000000000001;11.0
48.25;10.75;12.0
48.0;11.0;12.800000000000001
48.0;12.0;-1.0
48.333333333333336;11.666666666666666;2.3333333333333335
48.25;11.75;3.0
48.0;12.0;3.7999999999999998
48.0;12.25;7.25
48.0;11.800000000000001;8.0
48.333333333333336;11.666666666666666;8.6666666666666661
48.0;12.0;13.0
48.0;13.0;-1.0
48.0;13.0;4.0
48.0;13.0;7.0
48.0;13.0;13.0
48.0;14.0;-0.80000000000000004
47.75;14.25;0.0
47.75;14.25;1.0
47.75;14.25;2.0
47.75;14.25;3.0
48.0;14.0;3.7999999999999998
48.0;13.75;7.25
48.0;14.199999999999999;8.0
47.75;14.25;9.0
47.75;14.25;10.0
47.75;14.25;11.0
47.75;14.25;12.0
48.0;14.0;12.800000000000001
48.333333333333336;14.666666666666666;-0.66666666666666663
48.25;14.75;0.0
48.25;14.75;1.0
48.25;14.75;2.0
48.25;14.75;3.0
48.333333333333336;14.666666666666666;3.6666666666666665
48.333333333333336;14.666666666666666;8.3333333333333339
48.25;14.75;9.0
48.25;14.75;10.0
48.25;14.75;11.0
48.25;14.75;12.0
48.333333333333336;14.666666666666666;12.666666666666666
48.666666666666664;11.333333333333334;-0.66666666666666663
48.75;11.25;0.0
48.75;11.25;1.0
48.666666666666664;11.333333333333334;1.6666666666666667
48.666666666666664;11.333333333333334;9.3333333333333339
48.75;11.25;10.0
48.75;11.25;11.0
48.75;11.25;12.0
48.666666666666664;11.333333333333334;12.666666666666666
49.0;12.0;-0.80000000000000004
49.25;11.75;0.0
49.25;11.75;1.0
49.0;11.800000000000001;2.0
49.0;12.199999999999999;3.0
48.666666666666664;12.333333333333334;3.6666666666666665
48.666666666666664;12.333333333333334;7.333333333333333
49.0;12.199999999999999;8.0
49.0;11.800000000000001;9.0
49.25;11.75;10.0
49.25;11.75;11.0
49.25;11.75;12.0
49.0;12.0;12.800000000000001
49.0;13.0;-1.0
49.333333333333336;12.666666666666666;3.3333333333333335
49.0;13.0;3.7999999999999998
49.0;13.0;7.2000000000000002
49.333333333333336;12.666666666666666;7.666666666666667
49.0;13.0;13.0
49.0;14.0;-1.0
49.0;14.0;4.0
49.0;14.0;7.2000000000000002
48.666666666666664;14.333333333333334;7.666666666666667
49.0;14.0;13.0
49.0;14.75;-0.75
49.0;15.199999999999999;0.0
48.75;15.25;1.0
49.0;15.199999999999999;2.0
49.0;15.0;3.0
49.0;14.75;3.75
49.333333333333336;14.666666666666666;7.333333333333333
49.0;14.800000000000001;8.0
49.0;15.0;9.0
49.0;15.199999999999999;10.0
48.75;15.25;11.0
49.0;15.199999999999999;12.0
49.0;14.75;12.75
49.333333333333336;15.666666666666666;0.33333333333333331
49.25;15.75;1.0
49.333333333333336;15.666666666666666;1.6666666666666667
49.333333333333336;15.666666666666666;10.333333333333334
49.25;15.75;11.0
49.333333333333336;15.666666666666666;11.666666666666666
50.0;12.25;-0.75
50.0;12.199999999999999;0.0
49.75;12.25;1.0
49.75;12.25;2.0
49.666666666666664;12.333333333333334;2.6666666666666665
49.666666666666664;12.333333333333334;8.3333333333333339
49.75;12.25;9.0
49.75;12.25;10.0
50.0;12.199999999999999;11.0
50.0;12.0;12.0
50.0;12.25;12.75
50.0;13.0;-1.0
50.333333333333336;12.666666666666666;0.33333333333333331
50.25;12.75;1.0
50.25;12.75;2.0
50.0;12.800000000000001;3.0
50.0;13.25;3.75
49.666666666666664;13.333333333333334;7.333333333333333
50.0;13.0;8.0
50.25;12.75;9.0
50.25;12.75;10.0
50.333333333333336;12.666666666666666;10.666666666666666
50.0;13.0;13.0
50.0;14.0;-1.0
50.0;14.0;4.2000000000000002
50.333333333333336;14.333333333333334;4.666666666666667
50.0;14.0;7.2000000000000002
50.333333333333336;13.666666666666666;7.666666666666667
50.0;14.0;13.0
50.0;15.0;-0.80000000000000004
49.666666666666664;15.333333333333334;-0.33333333333333331
49.666666666666664;15.333333333333334;2.3333333333333335
49.75;15.25;3.0
50.0;15.0;4.0
50.333333333333336;14.666666666666666;4.666666666666667
50.0;15.0;7.2000000000000002
49.75;15.25;8.0
49.75;15.25;9.0
49.666666666666664;15.333333333333334;9.6666666666666661
49.666666666666664;15.333333333333334;12.333333333333334
50.0;15.0;12.800000000000001
50.333333333333336;15.666666666666666;-0.66666666666666663
50.0;15.800000000000001;0.0
50.0;16.0;1.0
50.0;15.800000000000001;2.0
50.25;15.75;3.0
50.333333333333336;15.666666666666666;3.6666666666666665
50.333333333333336;15.666666666666666;7.333333333333333
50.25;15.75;8.0
50.25;15.75;9.0
50.0;15.800000000000001;10.0
50.0;16.0;11.0
50.0;15.800000000000001;12.0
50.333333333333336;15.666666666666666;12.666666666666666
50.666666666666664;12.333333333333334;-0.66666666666666663
50.666666666666664;12.333333333333334;-0.33333333333333331
50.666666666666664;12.333333333333334;11.333333333333334
50.75;12.25;12.0
50.666666666666664;12.333333333333334;12.666666666666666
51.0;13.0;-0.80000000000000004
51.0;12.800000000000001;0.0
51.0;13.0;1.0
51.0;13.199999999999999;2.0
50.75;13.25;3.0
50.666666666666664;13.333333333333334;3.6666666666666665
50.666666666666664;13.333333333333334;8.3333333333333339
51.0;13.199999999999999;9.0
51.0;13.0;10.0
51.0;12.800000000000001;11.0
51.25;12.75;12.0
51.0;13.0;12.800000000000001
51.0;14.0;-1.0
51.333333333333336;13.666666666666666;2.3333333333333335
51.25;13.75;3.0
51.0;14.0;4.0
50.666666666666664;14.333333333333334;4.666666666666667
51.0;14.25;7.25
51.0;13.800000000000001;8.0
51.333333333333336;13.666666666666666;8.6666666666666661
51.0;14.0;13.0
51.0;15.0;-1.0
51.0;15.0;4.333333333333333
51.0;15.0;4.666666666666667
51.0;15.0;7.0
51.0;15.0;13.0
51.0;16.0;-0.80000000000000004
50.75;16.25;0.0
50.75;16.25;1.0
50.75;16.25;2.0
50.75;16.25;3.0
51.0;16.0;4.0
51.333333333333336;15.666666666666666;4.666666666666667
51.0;16.0;7.2000000000000002
50.75;16.25;8.0
50.75;16.25;9.0
50.75;16.25;10.0
50.75;16.25;11.0
50.75;16.25;12.0
51.0;16.0;12.800000000000001
51.333333333333336;16.666666666666668;-0.66666666666666663
51.25;16.75;0.0
51.25;16.75;1.0
51.25;16.75;2.0
51.25;16.75;3.0
51.333333333333336;16.666666666666668;3.6666666666666665
51.333333333333336;16.666666666666668;7.333333333333333
51.25;16.75;8.0
51.25;16.75;9.0
51.25;16.75;10.0
51.25;16.75;11.0
51.25;16.75;12.0
51.333333333333336;16.666666666666668;12.666666666666666
51.666666666666664;13.333333333333334;-0.66666666666666663
51.75;13.25;0.0
51.75;13.25;1.0
51.666666666666664;13.333333333333334;1.6666666666666667
51.666666666666664;13.333333333333334;9.3333333333333339
51.75;13.25;10.0
51.75;13.25;11.0
51.75;13.25;12.0
51.666666666666664;13.333333333333334;12.666666666666666
52.0;14.0;-0.80000000000000004
52.25;13.75;0.0
52.25;13.75;1.0
52.0;13.800000000000001;2.0
52.0;14.199999999999999;3.0
51.666666666666664;14.333333333333334;3.6666666666666665
51.666666666666664;14.333333333333334;7.333333333333333
52.0;14.199999999999999;8.0
52.0;13.800000000000001;9.0
52.25;13.75;10.0
52.25;13.75;11.0
52.25;13.75;12.0
52.0;14.0;12.800000000000001
52.0;15.0;-1.0
52.333333333333336;14.666666666666666;3.3333333333333335
52.0;14.800000000000001;4.0
52.0;15.25;4.75
52.333333333333336;15.333333333333334;6.333333333333333
52.0;15.0;7.0
52.333333333333336;14.666666666666666;7.666666666666667
52.0;15.0;13.0
52.0;16.0;-1.0
51.666666666666664;16.333333333333332;4.333333333333333
52.0;16.0;5.0
52.200000000000003;16.0;6.0
51.75;16.0;6.75
52.0;16.0;13.0
52.0;16.75;-0.75
52.0;17.0;0.0
52.0;17.0;1.0
52.0;17.0;2.0
52.0;17.0;3.0
52.0;16.800000000000001;4.0
52.25;16.75;5.0
52.25;16.75;6.0
52.0;16.800000000000001;7.0
52.0;17.0;8.0
52.0;17.0;9.0
52.0;17.0;10.0
52.0;17.0;11.0
52.0;17.0;12.0
52.0;16.75;12.75
53.0;14.25;-0.75
53.0;14.0;0.0
53.0;14.0;1.0
53.0;14.199999999999999;2.0
52.666666666666664;14.333333333333334;2.6666666666666665
52.666666666666664;14.333333333333334;8.3333333333333339
52.75;14.25;9.0
53.0;14.199999999999999;10.0
53.0;14.0;11.0
53.0;14.0;12.0
53.0;14.25;12.75
53.0;15.0;-1.0
53.333333333333336;14.666666666666666;2.3333333333333335
53.0;14.800000000000001;3.0
53.0;15.0;4.0
53.0;15.199999999999999;5.0
53.0;15.199999999999999;6.0
53.0;15.0;7.0
53.0;14.800000000000001;8.0
53.25;14.75;9.0
53.333333333333336;14.666666666666666;9.6666666666666661
53.0;15.0;13.0
53.0;16.0;-1.0
52.666666666666664;15.666666666666666;5.333333333333333
52.666666666666664;15.666666666666666;5.666666666666667
53.0;16.0;13.0
53.0;16.75;-0.75
53.0;17.0;0.0
53.0;17.0;1.0
53.0;17.0;2.0
53.0;17.0;3.0
53.0;17.0;4.0
53.0;17.0;5.0
53.0;17.0;6.0
53.0;17.0;7.0
53.0;17.0;8.0
53.0;17.0;9.0
53.0;17.0;10.0
53.0;17.0;11.0
53.0;17.0;12.0
53.0;16.75;12.75
54.0;14.25;-0.75
54.0;14.0;0.0
54.0;14.199999999999999;1.0
53.666666666666664;14.333333333333334;1.6666666666666667
53.666666666666664;14.333333333333334;10.333333333333334
54.0;14.199999999999999;11.0
54.0;14.0;12.0
54.0;14.25;12.75
54.0;15.0;-1.0
54.333333333333336;14.666666666666666;1.3333333333333333
54.0;14.800000000000001;2.0
54.0;15.0;3.0
54.0;15.0;4.0
54.0;15.0;5.0
54.0;15.0;6.0
54.0;15.0;7.0
54.0;15.0;8.0
54.0;15.0;9.0
54.0;14.800000000000001;10.0
54.333333333333336;14.666666666666666;10.666666666666666
54.0;15.0;13.0
54.0;16.0;-1.0
54.0;16.0;13.0
54.0;16.75;-0.75
54.0;17.0;0.0
54.0;17.0;1.0
54.0;17.0;2.0
54.0;17.0;3.0
54.0;17.0;4.0
54.0;17.0;5.0
54.0;17.0;6.0
54.0;17.0;7.0
54.0;17.0;8.0
54.0;17.0;9.0
54.0;17.0;10.0
54.0;17.0;11.0
54.0;17.0;12.0
54.0;16.75;12.75
54.666666666666664;14.333333333333334;-0.66666666666666663
54.75;14.25;0.0
54.666666666666664;14.333333333333334;0.66666666666666663
54.666666666666664;14.333333333333334;11.333333333333334
54.75;14.25;12.0
54.666666666666664;14.333333333333334;12.666666666666666
54.75;15.0;-0.75
55.0;15.0;0.0
54.799999999999997;15.0;1.0
54.75;15.25;2.0
54.75;15.25;3.0
54.75;15.25;4.0
54.75;15.25;5.0
54.75;15.25;6.0
54.75;15.25;7.0
54.75;15.25;8.0
54.75;15.25;9.0
54.75;15.25;10.0
54.799999999999997;15.0;11.0
55.0;15.0;12.0
54.75;15.0;12.75
54.75;16.0;-0.75
55.0;16.0;0.0
55.0;16.0;1.0
55.0;16.0;2.0
55.0;16.0;3.0
55.0;16.0;4.0
55.0;16.0;5.0
55.0;16.0;6.0
55.0;16.0;7.0
55.0;16.0;8.0
55.0;16.0;9.0
55.0;16.0;10.0
55.0;16.0;11.0
55.0;16.0;12.0
54.75;16.0;12.75
54.666666666666664;16.666666666666668;-0.66666666666666663
54.75;16.75;0.0
54.75;16.75;1.0
54.75;16.75;2.0
54.75;16.75;3.0
54.75;16.75;4.0
54.75;16.75;5.0
54.75;16.75;6.0
54.75;16.75;7.0
54.75;16.75;8.0
54.75;16.75;9.0
54.75;16.75;10.0
54.75;16.75;11.0
54.75;16.75;12.0
54.666666666666664;16.666666666666668;12.666666666666666
